,ASV,pvals,detect,Kingdom,Phylum,Class,Order,Family,Genus,,,,,
864,ASVref,NA,NA,Bacteria,Verrucomicrobia,Verrucomicrobiae,Verrucomicrobiales,Verrucomicrobiaceae,Akkermansia,,,,,
865,ASVref,NA,NA,Bacteria,Firmicutes,Bacilli,Lactobacillales,Enterococcaceae,Enterococcus,,,,,
866,ASVref,NA,NA,Bacteria,Firmicutes,Negativicutes,Selenomonadales,Veillonellaceae,Veillonella,,,,,
41,ASV42,0.003687279,3,Bacteria,Firmicutes,Bacilli,Lactobacillales,Streptococcaceae,Lactococcus,,,,,
73,ASV76,0.001018674,3,Bacteria,Firmicutes,Bacilli,Lactobacillales,Lactobacillaceae,Lactobacillus,https://pubmed.ncbi.nlm.nih.gov/28256022/,,,,https://www.wjgnet.com/1007-9327/full/v27/i45/7792.htm
107,ASV110,0.074466829,3,Bacteria,Firmicutes,Bacilli,Lactobacillales,Lactobacillaceae,Lactobacillus,,,,,
117,ASV120,0.004423268,3,Bacteria,Firmicutes,Bacilli,Lactobacillales,Lactobacillaceae,Lactobacillus,,,,,
159,ASV162,0.02762149,3,Bacteria,Proteobacteria,Gammaproteobacteria,Oceanospirillales,Halomonadaceae,Halomonas,,,,,
170,ASV173,0.017081538,3,Bacteria,Proteobacteria,Gammaproteobacteria,Oceanospirillales,Halomonadaceae,Halomonas,,,,,
188,ASV191,0.073409333,3,Bacteria,Proteobacteria,Gammaproteobacteria,Alteromonadales,Shewanellaceae,Shewanella,,,,,
391,ASV394,0.020207305,3,Bacteria,Firmicutes,Bacilli,Lactobacillales,Lactobacillaceae,Lactobacillus,,,,,
411,ASV414,0.580739944,3,Bacteria,Firmicutes,Bacilli,Lactobacillales,Streptococcaceae,Streptococcus,https://www.frontiersin.org/articles/10.3389/fmicb.2020.01642/full,,,,
443,ASV446,0.025284569,3,Bacteria,Firmicutes,Erysipelotrichia,Erysipelotrichales,Erysipelotrichaceae,NA,,,,,
444,ASV447,0.144857346,3,Bacteria,Firmicutes,Bacilli,Lactobacillales,Lactobacillaceae,Lactobacillus,,,,,
465,ASV468,0.90619465,3,Bacteria,Firmicutes,Bacilli,Lactobacillales,Lactobacillaceae,Lactobacillus,,,,,
484,ASV487,0.036135965,3,Bacteria,Firmicutes,Bacilli,Lactobacillales,Streptococcaceae,Lactococcus,,,,,
495,ASV498,0.075611373,3,Bacteria,Firmicutes,Bacilli,Lactobacillales,Streptococcaceae,Lactococcus,,,,,
513,ASV516,0.106311809,3,Bacteria,Firmicutes,Bacilli,Lactobacillales,Streptococcaceae,Streptococcus,,,,,
514,ASV517,0.053787364,3,Bacteria,Proteobacteria,Gammaproteobacteria,Enterobacteriales,Enterobacteriaceae,Leclercia,,,,,
516,ASV519,0.093307032,3,Bacteria,Firmicutes,Bacilli,Lactobacillales,Streptococcaceae,Streptococcus,,,,,
519,ASV522,0.074861381,3,Bacteria,Firmicutes,Bacilli,Lactobacillales,Enterococcaceae,Enterococcus,,,,,
530,ASV533,0.089925237,3,Bacteria,Proteobacteria,Gammaproteobacteria,Enterobacteriales,Enterobacteriaceae,Escherichia/Shigella,,,,,
533,ASV536,0.246879399,3,Bacteria,Firmicutes,Bacilli,Lactobacillales,Lactobacillaceae,Lactobacillus,,,,,
536,ASV539,0.051028249,3,Bacteria,Firmicutes,Bacilli,Lactobacillales,NA,NA,,,,,
537,ASV540,0.037206398,3,Bacteria,Firmicutes,Bacilli,Bacillales,NA,NA,,,,,
538,ASV541,0.120142616,3,Bacteria,Firmicutes,Bacilli,Bacillales,Staphylococcaceae,NA,,,,,
558,ASV561,0.040186723,3,Bacteria,Firmicutes,Bacilli,Lactobacillales,NA,NA,,,,,
559,ASV562,0.093474838,3,Bacteria,Firmicutes,Bacilli,Lactobacillales,Streptococcaceae,Lactococcus,,,,,
581,ASV584,0.09900625,3,Bacteria,Firmicutes,Bacilli,Lactobacillales,Enterococcaceae,NA,,,,,
582,ASV585,0.077131257,3,Bacteria,Firmicutes,Bacilli,Lactobacillales,Streptococcaceae,Lactococcus,,,,,
583,ASV586,0.091291534,3,Bacteria,Firmicutes,Bacilli,Lactobacillales,NA,NA,,,,,
591,ASV594,0.071053838,3,Bacteria,Firmicutes,Bacilli,Lactobacillales,Enterococcaceae,Enterococcus,,,,,
592,ASV595,0.164383049,3,Bacteria,Firmicutes,Bacilli,Lactobacillales,Streptococcaceae,Streptococcus,,,,,
602,ASV605,0.214975596,3,Bacteria,Proteobacteria,Gammaproteobacteria,Enterobacteriales,Enterobacteriaceae,Escherichia/Shigella,https://pubmed.ncbi.nlm.nih.gov/34576740/,,,,
606,ASV609,0.188319355,3,Bacteria,Firmicutes,Bacilli,Lactobacillales,NA,NA,,,,,
639,ASV642,0.149006927,3,Bacteria,Firmicutes,Bacilli,Lactobacillales,Streptococcaceae,Streptococcus,https://www.frontiersin.org/articles/10.3389/fmicb.2020.01642/full,,,,
641,ASV644,0.18403431,3,Bacteria,Proteobacteria,Gammaproteobacteria,Enterobacteriales,Enterobacteriaceae,Leclercia,,,,,
665,ASV668,0.159124165,3,Bacteria,Firmicutes,Bacilli,Bacillales,NA,NA,,,,,
699,ASV702,0.104462354,3,Bacteria,Firmicutes,Bacilli,Lactobacillales,Lactobacillaceae,Pediococcus,file:///Users/xuechan/Downloads/Beneficial_bacteria_activate_type-I_interferon_pro.pdf,,,,
703,ASV706,0.297679182,3,Bacteria,Firmicutes,Bacilli,Lactobacillales,Enterococcaceae,NA,,,,,
747,ASV750,0.586145607,3,Bacteria,Firmicutes,Bacilli,Lactobacillales,NA,NA,,,,,
756,ASV759,0.332589772,3,Bacteria,Firmicutes,Erysipelotrichia,Erysipelotrichales,Erysipelotrichaceae,NA,,,,,
773,ASV776,0.426683492,3,Bacteria,Firmicutes,Bacilli,Lactobacillales,NA,NA,,,,,
790,ASV793,0.383517755,3,Bacteria,Firmicutes,Bacilli,NA,NA,NA,,,,,
803,ASV806,0.420680433,3,Bacteria,Firmicutes,Bacilli,Lactobacillales,Lactobacillaceae,Lactobacillus,,,,,
847,ASV850,0.321072861,3,Bacteria,Firmicutes,Bacilli,Lactobacillales,Lactobacillaceae,Lactobacillus,,,,,
1,ASV1,0.001701112,2,Bacteria,Firmicutes,Bacilli,Lactobacillales,Enterococcaceae,Enterococcus,,,,,
19,ASV20,0.001040445,2,Bacteria,Firmicutes,Bacilli,Bacillales,Staphylococcaceae,Staphylococcus,,,,,
38,ASV39,0.00111618,2,Bacteria,Firmicutes,Bacilli,Lactobacillales,Lactobacillaceae,Pediococcus,,,,,
52,ASV54,0.005253879,2,Bacteria,Firmicutes,Bacilli,Lactobacillales,Enterococcaceae,Enterococcus,https://www.frontiersin.org/articles/10.3389/fmicb.2020.01642/full,,,,
65,ASV68,0.002802942,2,Bacteria,Firmicutes,Bacilli,Lactobacillales,Lactobacillaceae,Lactobacillus,,,,,
103,ASV106,0.022435886,2,Bacteria,Firmicutes,Bacilli,Lactobacillales,Lactobacillaceae,Lactobacillus,,,,,
245,ASV248,0.34372517,2,Bacteria,Firmicutes,Bacilli,Lactobacillales,Enterococcaceae,Enterococcus,,,,,
275,ASV278,0.001079087,2,Bacteria,Firmicutes,Bacilli,Lactobacillales,NA,NA,,,,,
283,ASV286,0.021619875,2,Bacteria,Firmicutes,Bacilli,Lactobacillales,Enterococcaceae,NA,,,,,
331,ASV334,0.002045326,2,Bacteria,Firmicutes,Bacilli,Lactobacillales,Enterococcaceae,NA,,,,,
396,ASV399,0.242471436,2,Bacteria,Firmicutes,Bacilli,Bacillales,Staphylococcaceae,Staphylococcus,,,,,
406,ASV409,0.126799001,2,Bacteria,Firmicutes,Bacilli,Lactobacillales,Lactobacillaceae,Lactobacillus,,,,,
429,ASV432,0.002910221,2,Bacteria,Firmicutes,Bacilli,NA,NA,NA,,,,,
433,ASV436,0.024392749,2,Bacteria,Firmicutes,Bacilli,NA,NA,NA,,,,,
554,ASV557,0.01884749,2,Bacteria,Firmicutes,Bacilli,Bacillales,Staphylococcaceae,Staphylococcus,,,,,
622,ASV625,0.021021466,2,Bacteria,Firmicutes,Bacilli,Lactobacillales,Lactobacillaceae,Pediococcus,https://www.frontiersin.org/articles/10.3389/fmicb.2020.01642/full,,,,
2,ASV2,1.03E-05,1,Bacteria,Firmicutes,Bacilli,Lactobacillales,Enterococcaceae,Enterococcus,,,,,
3,ASV3,0.000481913,1,Bacteria,Firmicutes,Bacilli,Lactobacillales,Streptococcaceae,Streptococcus,,,,,
5,ASV6,6.26E-06,1,Bacteria,Firmicutes,Bacilli,Lactobacillales,Streptococcaceae,Streptococcus,,,,,
10,ASV11,1.04E-05,1,Bacteria,Firmicutes,Bacilli,Lactobacillales,Streptococcaceae,Streptococcus,,,,,
11,ASV12,4.06E-06,1,Bacteria,Firmicutes,Bacilli,Lactobacillales,Lactobacillaceae,Lactobacillus,,,,,
12,ASV13,1.55E-07,1,Bacteria,Firmicutes,Bacilli,Lactobacillales,Lactobacillaceae,Lactobacillus,,,,,
13,ASV14,1.00E-06,1,Bacteria,Firmicutes,Bacilli,Lactobacillales,Streptococcaceae,Streptococcus,,,,,
28,ASV29,0.000227646,1,Bacteria,Firmicutes,Bacilli,Lactobacillales,Lactobacillaceae,Lactobacillus,,,,,
74,ASV77,0.00014235,1,Bacteria,Firmicutes,Bacilli,Lactobacillales,Lactobacillaceae,Lactobacillus,,,,,
88,ASV91,1.25E-05,1,Bacteria,Firmicutes,Bacilli,Lactobacillales,Lactobacillaceae,Lactobacillus,,,,,
310,ASV313,8.08E-05,1,Bacteria,Firmicutes,Bacilli,Lactobacillales,Streptococcaceae,Streptococcus,,,,,
4,ASV5,0.92738075,0,Bacteria,Verrucomicrobia,Verrucomicrobiae,Verrucomicrobiales,Verrucomicrobiaceae,Akkermansia,,,,,
6,ASV7,0.889840845,0,Bacteria,Firmicutes,Erysipelotrichia,Erysipelotrichales,Erysipelotrichaceae,Faecalicoccus,,,,,
7,ASV8,0.559256211,0,Bacteria,Proteobacteria,Gammaproteobacteria,Enterobacteriales,Enterobacteriaceae,Escherichia/Shigella,,,,,
8,ASV9,0.087832792,0,Bacteria,Firmicutes,Erysipelotrichia,Erysipelotrichales,Erysipelotrichaceae,Faecalicoccus,,,,,
9,ASV10,0.853514812,0,Bacteria,Proteobacteria,Gammaproteobacteria,Enterobacteriales,Enterobacteriaceae,Escherichia/Shigella,,,,,
14,ASV15,0.320057674,0,Bacteria,Firmicutes,Erysipelotrichia,Erysipelotrichales,Erysipelotrichaceae,Clostridium_XVIII,,,,,
15,ASV16,0.62498107,0,Bacteria,Firmicutes,Erysipelotrichia,Erysipelotrichales,Erysipelotrichaceae,Clostridium_XVIII,,,,,
16,ASV17,0.768730063,0,Bacteria,Verrucomicrobia,Verrucomicrobiae,Verrucomicrobiales,Verrucomicrobiaceae,Akkermansia,,,,,
17,ASV18,0.851215964,0,Bacteria,Verrucomicrobia,Verrucomicrobiae,Verrucomicrobiales,Verrucomicrobiaceae,Akkermansia,,,,,
18,ASV19,0.269312034,0,Bacteria,Verrucomicrobia,Verrucomicrobiae,Verrucomicrobiales,Verrucomicrobiaceae,Akkermansia,,,,,
20,ASV21,0.509860672,0,Bacteria,Firmicutes,Bacilli,Bacillales,Staphylococcaceae,Staphylococcus,,,,,
21,ASV22,0.344393455,0,Bacteria,Firmicutes,Clostridia,Clostridiales,Lachnospiraceae,Blautia,,,,,
22,ASV23,0.081917218,0,Bacteria,Firmicutes,Bacilli,Lactobacillales,Lactobacillaceae,Lactobacillus,,,,,
23,ASV24,0.857969869,0,Bacteria,Firmicutes,Clostridia,Clostridiales,Lachnospiraceae,NA,,,,,
24,ASV25,0.761740881,0,Bacteria,Verrucomicrobia,Verrucomicrobiae,Verrucomicrobiales,Verrucomicrobiaceae,Akkermansia,,,,,
25,ASV26,0.746648084,0,Bacteria,Firmicutes,Bacilli,Lactobacillales,Streptococcaceae,Streptococcus,,,,,
26,ASV27,0.079393389,0,Bacteria,Firmicutes,Clostridia,Clostridiales,Lachnospiraceae,Blautia,,,,,
27,ASV28,0.467264768,0,Bacteria,Firmicutes,Clostridia,Clostridiales,Lachnospiraceae,NA,,,,,
29,ASV30,0.606617132,0,Bacteria,Firmicutes,Clostridia,Clostridiales,Lachnospiraceae,Blautia,,,,,
30,ASV31,0.069492241,0,Bacteria,Firmicutes,Bacilli,Lactobacillales,Streptococcaceae,Streptococcus,,,,,
31,ASV32,0.433188445,0,Bacteria,Firmicutes,Negativicutes,Selenomonadales,Veillonellaceae,Megasphaera,,,,,
32,ASV33,0.01064397,0,Bacteria,Firmicutes,Bacilli,Lactobacillales,Lactobacillaceae,Pediococcus,,,,,
33,ASV34,0.692064111,0,Bacteria,Firmicutes,Clostridia,Clostridiales,Lachnospiraceae,Blautia,,,,,
34,ASV35,0.017527619,0,Bacteria,Firmicutes,Bacilli,Lactobacillales,Streptococcaceae,Lactococcus,,,,,
35,ASV36,0.732059364,0,Bacteria,Bacteroidetes,Bacteroidia,Bacteroidales,Bacteroidaceae,Bacteroides,,,,,
36,ASV37,0.235183189,0,Bacteria,Firmicutes,Negativicutes,Selenomonadales,Veillonellaceae,Megasphaera,,,,,
37,ASV38,0.775550792,0,Bacteria,Firmicutes,Clostridia,Clostridiales,Ruminococcaceae,Ruminococcus,,,,,
39,ASV40,0.397735676,0,Bacteria,Firmicutes,Clostridia,Clostridiales,Peptostreptococcaceae,Romboutsia,,,,,
40,ASV41,0.241152042,0,Bacteria,Firmicutes,Clostridia,Clostridiales,Ruminococcaceae,Ruminococcus,,,,,
42,ASV43,0.661439523,0,Bacteria,Firmicutes,Erysipelotrichia,Erysipelotrichales,Erysipelotrichaceae,NA,,,,,
43,ASV44,0.445978152,0,Bacteria,Bacteroidetes,Bacteroidia,Bacteroidales,Bacteroidaceae,Bacteroides,,,,,
44,ASV45,0.389757709,0,Bacteria,Bacteroidetes,Bacteroidia,Bacteroidales,Bacteroidaceae,Bacteroides,,,,,
45,ASV47,0.326392413,0,Bacteria,Firmicutes,Erysipelotrichia,Erysipelotrichales,Erysipelotrichaceae,Faecalitalea,,,,,
46,ASV48,0.721851311,0,Bacteria,Firmicutes,Clostridia,Clostridiales,Lachnospiraceae,Blautia,,,,,
47,ASV49,0.42395366,0,Bacteria,Firmicutes,Negativicutes,Selenomonadales,Veillonellaceae,Veillonella,,,,,
48,ASV50,0.770684906,0,Bacteria,Firmicutes,Clostridia,Clostridiales,Peptostreptococcaceae,Romboutsia,,,,,
49,ASV51,0.730443617,0,Bacteria,Firmicutes,Clostridia,Clostridiales,Lachnospiraceae,Blautia,,,,,
50,ASV52,0.143324539,0,Bacteria,Firmicutes,Clostridia,Clostridiales,Lachnospiraceae,Clostridium_XlVa,,,,,
51,ASV53,0.340085191,0,Bacteria,Firmicutes,Clostridia,Clostridiales,Ruminococcaceae,Gemmiger,,,,,
53,ASV55,0.499342457,0,Bacteria,Bacteroidetes,Bacteroidia,Bacteroidales,Porphyromonadaceae,Parabacteroides,,,,,
54,ASV56,0.08373136,0,Bacteria,Firmicutes,Erysipelotrichia,Erysipelotrichales,Erysipelotrichaceae,Faecalitalea,,,,,
55,ASV57,0.566455495,0,Bacteria,Firmicutes,Clostridia,Clostridiales,Lachnospiraceae,Fusicatenibacter,,,,,
56,ASV59,0.859186041,0,Bacteria,Actinobacteria,Actinobacteria,Bifidobacteriales,Bifidobacteriaceae,Bifidobacterium,,,,,
57,ASV60,0.562771975,0,Bacteria,Bacteroidetes,Bacteroidia,Bacteroidales,Bacteroidaceae,Bacteroides,,,,,
58,ASV61,0.878091909,0,Bacteria,Firmicutes,Clostridia,Clostridiales,Lachnospiraceae,Fusicatenibacter,,,,,
59,ASV62,0.7466909,0,Bacteria,Firmicutes,Clostridia,Clostridiales,Ruminococcaceae,Gemmiger,,,,,
60,ASV63,0.339937395,0,Bacteria,Firmicutes,Clostridia,Clostridiales,Ruminococcaceae,Faecalibacterium,,,,,
61,ASV64,0.241236638,0,Bacteria,Firmicutes,Clostridia,Clostridiales,Lachnospiraceae,Clostridium_XlVa,,,,,
62,ASV65,0.718073441,0,Bacteria,Firmicutes,Clostridia,Clostridiales,Lachnospiraceae,Blautia,,,,,
63,ASV66,0.852166197,0,Bacteria,Bacteroidetes,Bacteroidia,Bacteroidales,Porphyromonadaceae,Parabacteroides,,,,,
64,ASV67,0.455362179,0,Bacteria,Firmicutes,Erysipelotrichia,Erysipelotrichales,Erysipelotrichaceae,NA,,,,,
66,ASV69,0.614970493,0,Bacteria,Firmicutes,Clostridia,Clostridiales,Ruminococcaceae,Faecalibacterium,,,,,
67,ASV70,0.573182135,0,Bacteria,Firmicutes,Negativicutes,Selenomonadales,Acidaminococcaceae,Phascolarctobacterium,,,,,
68,ASV71,0.739297818,0,Bacteria,Firmicutes,Bacilli,Lactobacillales,Carnobacteriaceae,Granulicatella,,,,,
69,ASV72,0.514221826,0,Bacteria,Actinobacteria,Actinobacteria,Bifidobacteriales,Bifidobacteriaceae,Bifidobacterium,,,,,
70,ASV73,0.734683436,0,Bacteria,Firmicutes,Clostridia,Clostridiales,Lachnospiraceae,Anaerostipes,,,,,
71,ASV74,0.189707499,0,Bacteria,Proteobacteria,Gammaproteobacteria,Enterobacteriales,Enterobacteriaceae,NA,,,,,
72,ASV75,0.892064894,0,Bacteria,Firmicutes,Clostridia,Clostridiales,Ruminococcaceae,Subdoligranulum,,,,,
75,ASV78,0.976840947,0,Bacteria,Firmicutes,Clostridia,Clostridiales,Lachnospiraceae,Blautia,,,,,
76,ASV79,0.419295907,0,Bacteria,Bacteroidetes,Bacteroidia,Bacteroidales,Bacteroidaceae,Bacteroides,,,,,
77,ASV80,0.517246927,0,Bacteria,Bacteroidetes,Bacteroidia,Bacteroidales,Bacteroidaceae,Bacteroides,,,,,
78,ASV81,0.925800611,0,Bacteria,Firmicutes,Bacilli,Lactobacillales,Carnobacteriaceae,Granulicatella,,,,,
79,ASV82,0.204312382,0,Bacteria,Firmicutes,Negativicutes,Selenomonadales,Acidaminococcaceae,Phascolarctobacterium,,,,,
80,ASV83,0.638413322,0,Bacteria,Actinobacteria,Actinobacteria,Bifidobacteriales,Bifidobacteriaceae,Bifidobacterium,,,,,
81,ASV84,0.365458879,0,Bacteria,Proteobacteria,Gammaproteobacteria,Enterobacteriales,Enterobacteriaceae,Klebsiella,,,,,
82,ASV85,0.34816941,0,Bacteria,Firmicutes,Clostridia,Clostridiales,Ruminococcaceae,Flavonifractor,,,,,
83,ASV86,0.061101199,0,Bacteria,Proteobacteria,Gammaproteobacteria,Enterobacteriales,Enterobacteriaceae,Klebsiella,,,,,
84,ASV87,0.247858937,0,Bacteria,Proteobacteria,Gammaproteobacteria,Enterobacteriales,Enterobacteriaceae,Citrobacter,,,,,
85,ASV88,0.562603826,0,Bacteria,Firmicutes,Clostridia,Clostridiales,Lachnospiraceae,NA,,,,,
86,ASV89,0.240582429,0,Bacteria,Firmicutes,Clostridia,Clostridiales,Ruminococcaceae,Subdoligranulum,,,,,
87,ASV90,0.012018749,0,Bacteria,Proteobacteria,Gammaproteobacteria,Enterobacteriales,Enterobacteriaceae,NA,,,,,
89,ASV92,0.833736625,0,Bacteria,Bacteroidetes,Bacteroidia,Bacteroidales,Bacteroidaceae,Bacteroides,,,,,
90,ASV93,0.032938829,0,Bacteria,Firmicutes,Bacilli,Lactobacillales,Lactobacillaceae,Lactobacillus,,,,,
91,ASV94,0.822176276,0,Bacteria,Firmicutes,Clostridia,Clostridiales,Lachnospiraceae,Anaerostipes,,,,,
92,ASV95,0.572892665,0,Bacteria,Firmicutes,Clostridia,Clostridiales,Clostridiaceae_1,Clostridium_sensu_stricto,,,,,
93,ASV96,0.933156283,0,Bacteria,Firmicutes,Clostridia,Clostridiales,Lachnospiraceae,NA,,,,,
94,ASV97,0.452545758,0,Bacteria,Firmicutes,Clostridia,Clostridiales,Ruminococcaceae,Clostridium_IV,,,,,
95,ASV98,0.803377174,0,Bacteria,Bacteroidetes,Bacteroidia,Bacteroidales,Bacteroidaceae,Bacteroides,,,,,
96,ASV99,0.635134443,0,Bacteria,Bacteroidetes,Bacteroidia,Bacteroidales,Bacteroidaceae,Bacteroides,,,,,
97,ASV100,0.736365669,0,Bacteria,Firmicutes,Negativicutes,Selenomonadales,Veillonellaceae,Veillonella,,,,,
98,ASV101,0.94220585,0,Bacteria,Actinobacteria,Actinobacteria,Actinomycetales,Actinomycetaceae,Actinomyces,,,,,
99,ASV102,0.748302579,0,Bacteria,Bacteroidetes,Bacteroidia,Bacteroidales,Porphyromonadaceae,Parabacteroides,,,,,
100,ASV103,0.234735284,0,Bacteria,Firmicutes,Clostridia,Clostridiales,Ruminococcaceae,Clostridium_IV,,,,,
101,ASV104,0.89218221,0,Bacteria,Firmicutes,Clostridia,Clostridiales,Ruminococcaceae,Flavonifractor,,,,,
102,ASV105,0.913729751,0,Bacteria,Firmicutes,Clostridia,Clostridiales,Ruminococcaceae,Gemmiger,,,,,
104,ASV107,0.485885252,0,Bacteria,Firmicutes,Clostridia,Clostridiales,Lachnospiraceae,Blautia,,,,,
105,ASV108,0.913196324,0,Bacteria,Firmicutes,Clostridia,Clostridiales,Lachnospiraceae,Blautia,,,,,
106,ASV109,0.419692584,0,Bacteria,Bacteroidetes,Bacteroidia,Bacteroidales,Porphyromonadaceae,Parabacteroides,,,,,
108,ASV111,0.711108372,0,Bacteria,Firmicutes,Negativicutes,Selenomonadales,Veillonellaceae,Veillonella,,,,,
109,ASV112,0.810223921,0,Bacteria,Bacteroidetes,Bacteroidia,Bacteroidales,Bacteroidaceae,Bacteroides,,,,,
110,ASV113,0.902614377,0,Bacteria,Actinobacteria,Actinobacteria,Bifidobacteriales,Bifidobacteriaceae,Bifidobacterium,,,,,
111,ASV114,0.045663663,0,Bacteria,Proteobacteria,Gammaproteobacteria,Enterobacteriales,Enterobacteriaceae,Citrobacter,,,,,
112,ASV115,0.58313925,0,Bacteria,Firmicutes,Clostridia,Clostridiales,Lachnospiraceae,Ruminococcus2,,,,,
113,ASV116,0.340162355,0,Bacteria,Firmicutes,Clostridia,Clostridiales,Lachnospiraceae,Blautia,,,,,
114,ASV117,0.249476858,0,Bacteria,Actinobacteria,Actinobacteria,Actinomycetales,Actinomycetaceae,Actinomyces,,,,,
115,ASV118,0.528517967,0,Bacteria,Firmicutes,Clostridia,Clostridiales,Lachnospiraceae,Blautia,,,,,
116,ASV119,0.864741226,0,Bacteria,Proteobacteria,Gammaproteobacteria,Enterobacteriales,Enterobacteriaceae,Enterobacter,,,,,
118,ASV121,0.535345422,0,Bacteria,Actinobacteria,Actinobacteria,Actinomycetales,Actinomycetaceae,Actinomyces,,,,,
119,ASV122,0.766581478,0,Bacteria,Bacteroidetes,Bacteroidia,Bacteroidales,Bacteroidaceae,Bacteroides,,,,,
120,ASV123,0.456100506,0,Bacteria,Firmicutes,Clostridia,Clostridiales,Lachnospiraceae,Blautia,,,,,
121,ASV124,0.326704385,0,Bacteria,Bacteroidetes,Bacteroidia,Bacteroidales,Bacteroidaceae,Bacteroides,,,,,
122,ASV125,0.477941814,0,Bacteria,Firmicutes,Negativicutes,Selenomonadales,Veillonellaceae,Dialister,,,,,
123,ASV126,0.60182218,0,Bacteria,Firmicutes,Clostridia,Clostridiales,Ruminococcaceae,Gemmiger,,,,,
124,ASV127,0.508465803,0,Bacteria,Firmicutes,Clostridia,Clostridiales,Lachnospiraceae,Clostridium_XlVa,,,,,
125,ASV128,0.565874222,0,Bacteria,Firmicutes,Clostridia,Clostridiales,Peptostreptococcaceae,Intestinibacter,,,,,
126,ASV129,0.315215184,0,Bacteria,Firmicutes,Clostridia,Clostridiales,Lachnospiraceae,Ruminococcus2,,,,,
127,ASV130,0.206797076,0,Bacteria,Firmicutes,Clostridia,Clostridiales,Clostridiaceae_1,Clostridium_sensu_stricto,,,,,
128,ASV131,0.792409175,0,Bacteria,Firmicutes,Clostridia,Clostridiales,Lachnospiraceae,Blautia,,,,,
129,ASV132,0.096687551,0,Bacteria,Proteobacteria,Gammaproteobacteria,Oceanospirillales,Halomonadaceae,Halomonas,,,,,
130,ASV133,0.078127914,0,Bacteria,Proteobacteria,Gammaproteobacteria,Oceanospirillales,Halomonadaceae,Halomonas,,,,,
131,ASV134,0.560531537,0,Bacteria,Firmicutes,Negativicutes,Selenomonadales,Veillonellaceae,Dialister,,,,,
132,ASV135,0.791740401,0,Bacteria,Firmicutes,Clostridia,Clostridiales,Lachnospiraceae,Blautia,,,,,
133,ASV136,0.852157123,0,Bacteria,Firmicutes,Clostridia,Clostridiales,Lachnospiraceae,NA,,,,,
134,ASV137,0.830329149,0,Bacteria,Firmicutes,Clostridia,Clostridiales,Ruminococcaceae,Clostridium_IV,,,,,
135,ASV138,0.87827083,0,Bacteria,Firmicutes,Bacilli,Lactobacillales,Streptococcaceae,Streptococcus,,,,,
136,ASV139,0.850867622,0,Bacteria,Bacteroidetes,Bacteroidia,Bacteroidales,Bacteroidaceae,Bacteroides,,,,,
137,ASV140,0.288109529,0,Bacteria,Actinobacteria,Actinobacteria,Actinomycetales,Actinomycetaceae,Actinomyces,,,,,
138,ASV141,0.444971216,0,Bacteria,Firmicutes,Clostridia,Clostridiales,Peptostreptococcaceae,Intestinibacter,,,,,
139,ASV142,0.925286898,0,Bacteria,Proteobacteria,Gammaproteobacteria,Enterobacteriales,Enterobacteriaceae,Enterobacter,,,,,
140,ASV143,0.757990081,0,Bacteria,Firmicutes,Erysipelotrichia,Erysipelotrichales,Erysipelotrichaceae,Coprobacillus,,,,,
141,ASV144,0.990337153,0,Bacteria,Bacteroidetes,Bacteroidia,Bacteroidales,Bacteroidaceae,Bacteroides,,,,,
142,ASV145,0.729228273,0,Bacteria,Firmicutes,Clostridia,Clostridiales,Lachnospiraceae,Blautia,,,,,
143,ASV146,0.479934861,0,Bacteria,Firmicutes,Clostridia,Clostridiales,Ruminococcaceae,Clostridium_IV,,,,,
144,ASV147,0.832079104,0,Bacteria,Firmicutes,Erysipelotrichia,Erysipelotrichales,Erysipelotrichaceae,NA,,,,,
145,ASV148,0.806855496,0,Bacteria,Firmicutes,Clostridia,Clostridiales,Lachnospiraceae,Clostridium_XlVa,,,,,
146,ASV149,0.779632053,0,Bacteria,Firmicutes,Clostridia,Clostridiales,Lachnospiraceae,NA,,,,,
147,ASV150,0.66236637,0,Bacteria,Firmicutes,Negativicutes,Selenomonadales,Veillonellaceae,Veillonella,,,,,
148,ASV151,0.619708833,0,Bacteria,Firmicutes,Clostridia,Clostridiales,Ruminococcaceae,Faecalibacterium,,,,,
149,ASV152,0.586805466,0,Bacteria,Firmicutes,Erysipelotrichia,Erysipelotrichales,Erysipelotrichaceae,Coprobacillus,,,,,
150,ASV153,0.772606434,0,Bacteria,Firmicutes,Clostridia,Clostridiales,Lachnospiraceae,Blautia,,,,,
151,ASV154,0.94674158,0,Bacteria,Firmicutes,Clostridia,Clostridiales,Lachnospiraceae,Blautia,,,,,
152,ASV155,0.646358555,0,Bacteria,Firmicutes,Clostridia,Clostridiales,Lachnospiraceae,Blautia,,,,,
153,ASV156,0.370015377,0,Bacteria,Firmicutes,Bacilli,Lactobacillales,Streptococcaceae,Streptococcus,,,,,
154,ASV157,0.288244817,0,Bacteria,Firmicutes,Erysipelotrichia,Erysipelotrichales,Erysipelotrichaceae,NA,,,,,
155,ASV158,0.908996282,0,Bacteria,Firmicutes,Erysipelotrichia,Erysipelotrichales,Erysipelotrichaceae,Clostridium_XVIII,,,,,
156,ASV159,0.905270603,0,Bacteria,Firmicutes,Clostridia,Clostridiales,Lachnospiraceae,Blautia,,,,,
157,ASV160,0.548436751,0,Bacteria,Bacteroidetes,Bacteroidia,Bacteroidales,Bacteroidaceae,Bacteroides,,,,,
158,ASV161,0.575374264,0,Bacteria,Firmicutes,Clostridia,Clostridiales,Lachnospiraceae,Ruminococcus2,,,,,
160,ASV163,0.609884166,0,Bacteria,Firmicutes,Bacilli,Lactobacillales,Lactobacillaceae,Lactobacillus,,,,,
161,ASV164,0.735429135,0,Bacteria,Firmicutes,Clostridia,Clostridiales,Lachnospiraceae,NA,,,,,
162,ASV165,0.400725909,0,Bacteria,Firmicutes,Clostridia,Clostridiales,Ruminococcaceae,Clostridium_IV,,,,,
163,ASV166,0.416428744,0,Bacteria,Bacteroidetes,Bacteroidia,Bacteroidales,Bacteroidaceae,Bacteroides,,,,,
164,ASV167,0.515762272,0,Bacteria,Bacteroidetes,Bacteroidia,Bacteroidales,Bacteroidaceae,Bacteroides,,,,,
165,ASV168,0.752706957,0,Bacteria,Firmicutes,Clostridia,Clostridiales,Ruminococcaceae,Faecalibacterium,,,,,
166,ASV169,0.466327279,0,Bacteria,Bacteroidetes,Bacteroidia,Bacteroidales,Bacteroidaceae,Bacteroides,,,,,
167,ASV170,0.957263887,0,Bacteria,Firmicutes,Clostridia,Clostridiales,Lachnospiraceae,Blautia,,,,,
168,ASV171,0.363361823,0,Bacteria,Firmicutes,Negativicutes,Selenomonadales,Veillonellaceae,Veillonella,,,,,
169,ASV172,0.072669967,0,Bacteria,Firmicutes,Bacilli,Lactobacillales,Lactobacillaceae,Lactobacillus,,,,,
171,ASV174,0.599026634,0,Bacteria,Firmicutes,Erysipelotrichia,Erysipelotrichales,Erysipelotrichaceae,Faecalicoccus,,,,,
172,ASV175,0.889811218,0,Bacteria,Proteobacteria,Gammaproteobacteria,Enterobacteriales,Enterobacteriaceae,Klebsiella,,,,,
173,ASV176,0.993619466,0,Bacteria,Firmicutes,Clostridia,Clostridiales,Peptostreptococcaceae,Peptostreptococcus,,,,,
174,ASV177,0.782616694,0,Bacteria,Firmicutes,Clostridia,Clostridiales,Lachnospiraceae,Blautia,,,,,
175,ASV178,0.466968829,0,Bacteria,Firmicutes,Clostridia,Clostridiales,Lachnospiraceae,Dorea,,,,,
176,ASV179,0.09632603,0,Bacteria,Proteobacteria,Gammaproteobacteria,Alteromonadales,Shewanellaceae,Shewanella,,,,,
177,ASV180,0.870745679,0,Bacteria,Firmicutes,Clostridia,Clostridiales,Lachnospiraceae,Ruminococcus2,,,,,
178,ASV181,0.755259127,0,Bacteria,Firmicutes,Clostridia,Clostridiales,Lachnospiraceae,Anaerostipes,,,,,
179,ASV182,0.399531141,0,Bacteria,Actinobacteria,Actinobacteria,Bifidobacteriales,Bifidobacteriaceae,Bifidobacterium,,,,,
180,ASV183,0.817619796,0,Bacteria,Actinobacteria,Actinobacteria,Bifidobacteriales,Bifidobacteriaceae,Bifidobacterium,,,,,
181,ASV184,0.583265032,0,Bacteria,Firmicutes,Clostridia,Clostridiales,Lachnospiraceae,Blautia,,,,,
182,ASV185,0.651618044,0,Bacteria,Firmicutes,Clostridia,Clostridiales,Lachnospiraceae,Ruminococcus2,,,,,
183,ASV186,0.80560343,0,Bacteria,Bacteroidetes,Bacteroidia,Bacteroidales,Bacteroidaceae,Bacteroides,,,,,
184,ASV187,0.703494629,0,Bacteria,Firmicutes,Clostridia,Clostridiales,Peptostreptococcaceae,Peptostreptococcus,,,,,
185,ASV188,0.485671851,0,Bacteria,Proteobacteria,Deltaproteobacteria,Desulfovibrionales,Desulfovibrionaceae,Bilophila,,,,,
186,ASV189,0.288588944,0,Bacteria,Firmicutes,Clostridia,Clostridiales,Lachnospiraceae,Blautia,,,,,
187,ASV190,0.324266934,0,Bacteria,Firmicutes,Bacilli,Lactobacillales,Lactobacillaceae,Lactobacillus,,,,,
189,ASV192,0.944976909,0,Bacteria,Proteobacteria,Gammaproteobacteria,Enterobacteriales,Enterobacteriaceae,Escherichia/Shigella,,,,,
190,ASV193,0.468294967,0,Bacteria,Firmicutes,Bacilli,Lactobacillales,Lactobacillaceae,Lactobacillus,,,,,
191,ASV194,0.76396889,0,Bacteria,Firmicutes,Erysipelotrichia,Erysipelotrichales,Erysipelotrichaceae,Clostridium_XVIII,,,,,
192,ASV195,0.70475667,0,Bacteria,Firmicutes,Erysipelotrichia,Erysipelotrichales,Erysipelotrichaceae,Faecalicoccus,,,,,
193,ASV196,0.765839579,0,Bacteria,Firmicutes,Erysipelotrichia,Erysipelotrichales,Erysipelotrichaceae,Clostridium_XVIII,,,,,
194,ASV197,0.939450409,0,Bacteria,Proteobacteria,Gammaproteobacteria,Enterobacteriales,Enterobacteriaceae,Klebsiella,,,,,
195,ASV198,0.656698844,0,Bacteria,Firmicutes,Clostridia,Clostridiales,Lachnospiraceae,Blautia,,,,,
196,ASV199,0.320878724,0,Bacteria,Firmicutes,Clostridia,Clostridiales,Lachnospiraceae,Dorea,,,,,
197,ASV200,0.988742131,0,Bacteria,Proteobacteria,Betaproteobacteria,Burkholderiales,Sutterellaceae,Parasutterella,,,,,
198,ASV201,0.521030982,0,Bacteria,Firmicutes,Clostridia,Clostridiales,Lachnospiraceae,NA,,,,,
199,ASV202,0.273576031,0,Bacteria,Firmicutes,Clostridia,Clostridiales,Ruminococcaceae,Clostridium_IV,,,,,
200,ASV203,0.151010602,0,Bacteria,Firmicutes,Bacilli,Lactobacillales,Lactobacillaceae,Lactobacillus,,,,,
201,ASV204,0.988855628,0,Bacteria,Firmicutes,Clostridia,Clostridiales,Ruminococcaceae,NA,,,,,
202,ASV205,0.417628641,0,Bacteria,Firmicutes,Clostridia,Clostridiales,Lachnospiraceae,Blautia,,,,,
203,ASV206,0.659933683,0,Bacteria,Firmicutes,Negativicutes,Selenomonadales,Veillonellaceae,Megamonas,,,,,
204,ASV207,0.975715292,0,Bacteria,Actinobacteria,Actinobacteria,Bifidobacteriales,Bifidobacteriaceae,Bifidobacterium,,,,,
205,ASV208,0.326946675,0,Bacteria,Firmicutes,Erysipelotrichia,Erysipelotrichales,Erysipelotrichaceae,Clostridium_XVIII,,,,,
206,ASV209,0.298339063,0,Bacteria,Firmicutes,Bacilli,Lactobacillales,Lactobacillaceae,Lactobacillus,,,,,
207,ASV210,0.505199129,0,Bacteria,Firmicutes,Clostridia,Clostridiales,Lachnospiraceae,NA,,,,,
208,ASV211,0.468539473,0,Bacteria,Firmicutes,Clostridia,Clostridiales,Lachnospiraceae,Anaerostipes,,,,,
209,ASV212,0.2856064,0,Bacteria,Bacteroidetes,Bacteroidia,Bacteroidales,Bacteroidaceae,Bacteroides,,,,,
210,ASV213,0.458184535,0,Bacteria,Bacteroidetes,Bacteroidia,Bacteroidales,Bacteroidaceae,Bacteroides,,,,,
211,ASV214,0.58226712,0,Bacteria,Proteobacteria,Deltaproteobacteria,Desulfovibrionales,Desulfovibrionaceae,Bilophila,,,,,
212,ASV215,0.942786844,0,Bacteria,Proteobacteria,Gammaproteobacteria,Enterobacteriales,Enterobacteriaceae,Escherichia/Shigella,,,,,
213,ASV216,0.321227319,0,Bacteria,Firmicutes,Clostridia,Clostridiales,Lachnospiraceae,NA,,,,,
214,ASV217,0.257757837,0,Bacteria,Actinobacteria,Actinobacteria,Bifidobacteriales,Bifidobacteriaceae,Bifidobacterium,,,,,
215,ASV218,0.058380858,0,Bacteria,Firmicutes,Bacilli,Lactobacillales,Leuconostocaceae,Leuconostoc,,,,,
216,ASV219,0.575712947,0,Bacteria,Bacteroidetes,Bacteroidia,Bacteroidales,Bacteroidaceae,Bacteroides,,,,,
217,ASV220,0.505027313,0,Bacteria,Actinobacteria,Actinobacteria,Coriobacteriales,Coriobacteriaceae,Atopobium,,,,,
218,ASV221,0.09383563,0,Bacteria,Actinobacteria,Actinobacteria,Bifidobacteriales,Bifidobacteriaceae,Scardovia,,,,,
219,ASV222,0.345156212,0,Bacteria,Actinobacteria,Actinobacteria,Coriobacteriales,Coriobacteriaceae,Eggerthella,,,,,
220,ASV223,0.951082311,0,Bacteria,Firmicutes,Erysipelotrichia,Erysipelotrichales,Erysipelotrichaceae,Clostridium_XVIII,,,,,
221,ASV224,0.520264922,0,Bacteria,Firmicutes,Clostridia,Clostridiales,Lachnospiraceae,NA,,,,,
222,ASV225,0.289633005,0,Bacteria,Firmicutes,Erysipelotrichia,Erysipelotrichales,Erysipelotrichaceae,NA,,,,,
223,ASV226,0.624879815,0,Bacteria,Firmicutes,Clostridia,Clostridiales,Lachnospiraceae,Anaerostipes,,,,,
224,ASV227,0.910176334,0,Bacteria,Bacteroidetes,Bacteroidia,Bacteroidales,Porphyromonadaceae,Parabacteroides,,,,,
225,ASV228,0.629120017,0,Bacteria,Firmicutes,Clostridia,Clostridiales,Ruminococcaceae,NA,,,,,
226,ASV229,0.635578024,0,Bacteria,Firmicutes,Clostridia,Clostridiales,Ruminococcaceae,Faecalibacterium,,,,,
227,ASV230,0.791221186,0,Bacteria,Firmicutes,Clostridia,Clostridiales,Ruminococcaceae,Faecalibacterium,,,,,
228,ASV231,0.691275125,0,Bacteria,Firmicutes,Clostridia,Clostridiales,Ruminococcaceae,NA,,,,,
229,ASV232,0.973848235,0,Bacteria,Firmicutes,Erysipelotrichia,Erysipelotrichales,Erysipelotrichaceae,NA,,,,,
230,ASV233,0.795741081,0,Bacteria,Firmicutes,Clostridia,Clostridiales,Lachnospiraceae,Blautia,,,,,
231,ASV234,0.879367198,0,Bacteria,Proteobacteria,Betaproteobacteria,Burkholderiales,Sutterellaceae,Parasutterella,,,,,
232,ASV235,0.401806918,0,Bacteria,Firmicutes,Clostridia,Clostridiales,Ruminococcaceae,Clostridium_IV,,,,,
233,ASV236,0.599818335,0,Bacteria,Firmicutes,Bacilli,Lactobacillales,Streptococcaceae,Streptococcus,,,,,
234,ASV237,0.893675473,0,Bacteria,Actinobacteria,Actinobacteria,Coriobacteriales,Coriobacteriaceae,Atopobium,,,,,
235,ASV238,0.412751758,0,Bacteria,Firmicutes,Clostridia,Clostridiales,Lachnospiraceae,NA,,,,,
236,ASV239,0.616876957,0,Bacteria,Firmicutes,Clostridia,Clostridiales,Lachnospiraceae,Blautia,,,,,
237,ASV240,0.116893524,0,Bacteria,Actinobacteria,Actinobacteria,Coriobacteriales,Coriobacteriaceae,Eggerthella,,,,,
238,ASV241,0.842920416,0,Bacteria,Bacteroidetes,Bacteroidia,Bacteroidales,Porphyromonadaceae,Parabacteroides,,,,,
239,ASV242,0.850621707,0,Bacteria,Firmicutes,Clostridia,Clostridiales,Ruminococcaceae,Faecalibacterium,,,,,
240,ASV243,0.509031707,0,Bacteria,Bacteroidetes,Bacteroidia,Bacteroidales,Bacteroidaceae,Bacteroides,,,,,
241,ASV244,0.70519033,0,Bacteria,Firmicutes,Clostridia,Clostridiales,Ruminococcaceae,Faecalibacterium,,,,,
242,ASV245,0.066913584,0,Bacteria,Firmicutes,Bacilli,Lactobacillales,Leuconostocaceae,Leuconostoc,,,,,
243,ASV246,0.585053957,0,Bacteria,Firmicutes,Clostridia,Clostridiales,Lachnospiraceae,Blautia,,,,,
244,ASV247,0.89687525,0,Bacteria,Bacteroidetes,Bacteroidia,Bacteroidales,Porphyromonadaceae,Parabacteroides,,,,,
246,ASV249,0.37707642,0,Bacteria,Firmicutes,Clostridia,Clostridiales,Ruminococcaceae,Ethanoligenens,,,,,
247,ASV250,0.232636064,0,Bacteria,Firmicutes,Clostridia,Clostridiales,Lachnospiraceae,Blautia,,,,,
248,ASV251,0.499069856,0,Bacteria,Bacteroidetes,Bacteroidia,Bacteroidales,Bacteroidaceae,Bacteroides,,,,,
249,ASV252,0.317825833,0,Bacteria,Firmicutes,Bacilli,Lactobacillales,Lactobacillaceae,Pediococcus,,,,,
250,ASV253,0.35368035,0,Bacteria,Firmicutes,Erysipelotrichia,Erysipelotrichales,Erysipelotrichaceae,Clostridium_XVIII,,,,,
251,ASV254,0.488650451,0,Bacteria,Firmicutes,Negativicutes,Selenomonadales,Acidaminococcaceae,Phascolarctobacterium,,,,,
252,ASV255,0.604370631,0,Bacteria,Bacteroidetes,Bacteroidia,Bacteroidales,Bacteroidaceae,Bacteroides,,,,,
253,ASV256,0.589011441,0,Bacteria,Firmicutes,Clostridia,Clostridiales,Lachnospiraceae,Blautia,,,,,
254,ASV257,0.467556433,0,Bacteria,Firmicutes,Clostridia,Clostridiales,Lachnospiraceae,Ruminococcus2,,,,,
255,ASV258,0.141395714,0,Bacteria,Firmicutes,Bacilli,Lactobacillales,Streptococcaceae,Streptococcus,,,,,
256,ASV259,0.834380907,0,Bacteria,Firmicutes,Clostridia,Clostridiales,Peptostreptococcaceae,Terrisporobacter,,,,,
257,ASV260,0.023481889,0,Bacteria,Actinobacteria,Actinobacteria,Bifidobacteriales,Bifidobacteriaceae,Scardovia,,,,,
258,ASV261,0.90621782,0,Bacteria,Firmicutes,Clostridia,Clostridiales,Lachnospiraceae,Anaerostipes,,,,,
259,ASV262,0.417653708,0,Bacteria,Firmicutes,Bacilli,Lactobacillales,Enterococcaceae,Enterococcus,,,,,
260,ASV263,0.385378231,0,Bacteria,Firmicutes,Clostridia,Clostridiales,Lachnospiraceae,Blautia,,,,,
261,ASV264,0.977926819,0,Bacteria,Firmicutes,Clostridia,Clostridiales,Lachnospiraceae,Blautia,,,,,
262,ASV265,0.427496585,0,Bacteria,Firmicutes,Clostridia,Clostridiales,Lachnospiraceae,Clostridium_XlVa,,,,,
263,ASV266,0.447955005,0,Bacteria,Firmicutes,Clostridia,Clostridiales,Lachnospiraceae,NA,,,,,
264,ASV267,0.300938896,0,Bacteria,Firmicutes,Clostridia,Clostridiales,Ruminococcaceae,Clostridium_IV,,,,,
265,ASV268,0.001034945,0,Bacteria,Firmicutes,Bacilli,Lactobacillales,NA,NA,,,,,
266,ASV269,0.02805759,0,Bacteria,Firmicutes,Bacilli,Lactobacillales,Streptococcaceae,Streptococcus,,,,,
267,ASV270,0.465851733,0,Bacteria,Firmicutes,Clostridia,Clostridiales,Ruminococcaceae,Flavonifractor,,,,,
268,ASV271,0.896243425,0,Bacteria,Firmicutes,Clostridia,Clostridiales,Lachnospiraceae,Anaerostipes,,,,,
269,ASV272,0.715277719,0,Bacteria,Firmicutes,Clostridia,Clostridiales,Lachnospiraceae,Blautia,,,,,
270,ASV273,0.623777842,0,Bacteria,Firmicutes,Bacilli,Lactobacillales,Leuconostocaceae,Weissella,,,,,
271,ASV274,0.838232037,0,Bacteria,Firmicutes,Clostridia,Clostridiales,Lachnospiraceae,Clostridium_XlVa,,,,,
272,ASV275,0.025929845,0,Bacteria,Firmicutes,Bacilli,Lactobacillales,Lactobacillaceae,Pediococcus,,,,,
273,ASV276,0.122084823,0,Bacteria,Firmicutes,Clostridia,Clostridiales,Ruminococcaceae,Clostridium_IV,,,,,
274,ASV277,0.935888154,0,Bacteria,Firmicutes,Clostridia,Clostridiales,Peptostreptococcaceae,Terrisporobacter,,,,,
276,ASV279,0.347399993,0,Bacteria,Firmicutes,Clostridia,Clostridiales,Lachnospiraceae,NA,,,,,
277,ASV280,0.139363782,0,Bacteria,Firmicutes,Bacilli,Lactobacillales,Leuconostocaceae,Weissella,,,,,
278,ASV281,0.862526015,0,Bacteria,Firmicutes,Erysipelotrichia,Erysipelotrichales,Erysipelotrichaceae,Holdemanella,,,,,
279,ASV282,0.573520341,0,Bacteria,Bacteroidetes,Bacteroidia,Bacteroidales,Bacteroidaceae,Bacteroides,,,,,
280,ASV283,0.488090802,0,Bacteria,Firmicutes,Clostridia,Clostridiales,Lachnospiraceae,Clostridium_XlVa,,,,,
281,ASV284,0.523960115,0,Bacteria,Firmicutes,Clostridia,Clostridiales,Peptostreptococcaceae,Clostridium_XI,,,,,
282,ASV285,0.993001083,0,Bacteria,Firmicutes,Bacilli,Lactobacillales,Streptococcaceae,Streptococcus,,,,,
284,ASV287,0.660195986,0,Bacteria,Firmicutes,Clostridia,Clostridiales,Lachnospiraceae,NA,,,,,
285,ASV288,0.908506159,0,Bacteria,Firmicutes,Clostridia,Clostridiales,Lachnospiraceae,Blautia,,,,,
286,ASV289,0.852450447,0,Bacteria,Bacteroidetes,Bacteroidia,Bacteroidales,Bacteroidaceae,Bacteroides,,,,,
287,ASV290,0.329927345,0,Bacteria,Proteobacteria,Betaproteobacteria,Burkholderiales,Sutterellaceae,Parasutterella,,,,,
288,ASV291,0.777462267,0,Bacteria,Firmicutes,Clostridia,Clostridiales,Lachnospiraceae,Clostridium_XlVa,,,,,
289,ASV292,0.109057354,0,Bacteria,Firmicutes,Clostridia,Clostridiales,Ruminococcaceae,Clostridium_IV,,,,,
290,ASV293,0.519709062,0,Bacteria,Firmicutes,Clostridia,Clostridiales,Lachnospiraceae,Blautia,,,,,
291,ASV294,0.658918811,0,Bacteria,Proteobacteria,Alphaproteobacteria,Rhizobiales,Bradyrhizobiaceae,Afipia,,,,,
292,ASV295,0.974579683,0,Bacteria,Firmicutes,Clostridia,Clostridiales,Peptostreptococcaceae,Clostridium_XI,,,,,
293,ASV296,0.51579081,0,Bacteria,Firmicutes,Bacilli,Lactobacillales,Streptococcaceae,Streptococcus,,,,,
294,ASV297,0.498360966,0,Bacteria,Firmicutes,Clostridia,Clostridiales,Ruminococcaceae,NA,,,,,
295,ASV298,0.364894278,0,Bacteria,Firmicutes,Clostridia,Clostridiales,Lachnospiraceae,Blautia,,,,,
296,ASV299,0.361181479,0,Bacteria,Firmicutes,Clostridia,Clostridiales,Lachnospiraceae,Clostridium_XlVa,,,,,
297,ASV300,0.629945994,0,Bacteria,Proteobacteria,Deltaproteobacteria,Desulfovibrionales,Desulfovibrionaceae,Desulfovibrio,,,,,
298,ASV301,0.798943113,0,Bacteria,Firmicutes,Erysipelotrichia,Erysipelotrichales,Erysipelotrichaceae,NA,,,,,
299,ASV302,0.370527458,0,Bacteria,Bacteroidetes,Bacteroidia,Bacteroidales,Porphyromonadaceae,Parabacteroides,,,,,
300,ASV303,0.895556954,0,Bacteria,Firmicutes,Clostridia,Clostridiales,Lachnospiraceae,Blautia,,,,,
301,ASV304,0.419536693,0,Bacteria,Proteobacteria,Alphaproteobacteria,Rhizobiales,Bradyrhizobiaceae,Afipia,,,,,
302,ASV305,0.42519308,0,Bacteria,Firmicutes,Clostridia,Clostridiales,Lachnospiraceae,Blautia,,,,,
303,ASV306,0.905365687,0,Bacteria,Firmicutes,Clostridia,Clostridiales,Lachnospiraceae,Coprococcus,,,,,
304,ASV307,0.526706156,0,Bacteria,Firmicutes,Clostridia,Clostridiales,Lachnospiraceae,Clostridium_XlVa,,,,,
305,ASV308,0.698528149,0,Bacteria,Firmicutes,Clostridia,Clostridiales,Ruminococcaceae,Oscillibacter,,,,,
306,ASV309,0.741024237,0,Bacteria,Firmicutes,Clostridia,Clostridiales,Lachnospiraceae,Blautia,,,,,
307,ASV310,0.470856385,0,Bacteria,Firmicutes,Clostridia,Clostridiales,Peptostreptococcaceae,Clostridium_XI,,,,,
308,ASV311,0.707979977,0,Bacteria,Firmicutes,Clostridia,Clostridiales,Lachnospiraceae,NA,,,,,
309,ASV312,0.431686184,0,Bacteria,Firmicutes,Clostridia,Clostridiales,Lachnospiraceae,Clostridium_XlVa,,,,,
311,ASV314,0.042821967,0,Bacteria,Firmicutes,Bacilli,Lactobacillales,NA,NA,,,,,
312,ASV315,0.733589674,0,Bacteria,Firmicutes,Erysipelotrichia,Erysipelotrichales,Erysipelotrichaceae,Holdemania,,,,,
313,ASV316,0.887918562,0,Bacteria,Firmicutes,Erysipelotrichia,Erysipelotrichales,Erysipelotrichaceae,Coprobacillus,,,,,
314,ASV317,0.781536193,0,Bacteria,Firmicutes,Clostridia,Clostridiales,Ruminococcaceae,NA,,,,,
315,ASV318,0.779532439,0,Bacteria,Firmicutes,NA,NA,NA,NA,,,,,
316,ASV319,0.456873819,0,Bacteria,Bacteroidetes,Bacteroidia,Bacteroidales,Rikenellaceae,Alistipes,,,,,
317,ASV320,0.527814228,0,Bacteria,Firmicutes,Clostridia,Clostridiales,Lachnospiraceae,Clostridium_XlVa,,,,,
318,ASV321,0.434792476,0,Bacteria,Bacteroidetes,Bacteroidia,Bacteroidales,Bacteroidaceae,Bacteroides,,,,,
319,ASV322,0.919295159,0,Bacteria,Firmicutes,Clostridia,Clostridiales,Lachnospiraceae,Coprococcus,,,,,
320,ASV323,0.547443839,0,Bacteria,Firmicutes,Clostridia,Clostridiales,Lachnospiraceae,Clostridium_XlVa,,,,,
321,ASV324,0.226064854,0,Bacteria,Firmicutes,Clostridia,Clostridiales,Lachnospiraceae,NA,,,,,
322,ASV325,0.521418053,0,Bacteria,Firmicutes,Clostridia,Clostridiales,Lachnospiraceae,NA,,,,,
323,ASV326,0.887465892,0,Bacteria,Firmicutes,Clostridia,Clostridiales,Lachnospiraceae,Anaerostipes,,,,,
324,ASV327,0.614465038,0,Bacteria,Firmicutes,Clostridia,Clostridiales,Ruminococcaceae,NA,,,,,
325,ASV328,0.817584216,0,Bacteria,Bacteroidetes,Bacteroidia,Bacteroidales,Porphyromonadaceae,Parabacteroides,,,,,
326,ASV329,0.846082679,0,Bacteria,Firmicutes,Clostridia,Clostridiales,Ruminococcaceae,Faecalibacterium,,,,,
327,ASV330,0.734974961,0,Bacteria,Firmicutes,Bacilli,Lactobacillales,Streptococcaceae,Streptococcus,,,,,
328,ASV331,0.631426157,0,Bacteria,Firmicutes,Bacilli,Lactobacillales,Streptococcaceae,Streptococcus,,,,,
329,ASV332,0.749259797,0,Bacteria,Firmicutes,Clostridia,Clostridiales,Lachnospiraceae,Dorea,,,,,
330,ASV333,0.718644817,0,Bacteria,Firmicutes,Clostridia,Clostridiales,Lachnospiraceae,Roseburia,,,,,
332,ASV335,0.944969491,0,Bacteria,Firmicutes,Erysipelotrichia,Erysipelotrichales,Erysipelotrichaceae,Coprobacillus,,,,,
333,ASV336,0.304641941,0,Bacteria,Firmicutes,Clostridia,Clostridiales,Lachnospiraceae,Blautia,,,,,
334,ASV337,0.831216625,0,Bacteria,Firmicutes,Clostridia,Clostridiales,Lachnospiraceae,Dorea,,,,,
335,ASV338,0.640503854,0,Bacteria,Firmicutes,Clostridia,Clostridiales,Lachnospiraceae,Roseburia,,,,,
336,ASV339,0.10622502,0,Bacteria,Firmicutes,Bacilli,Lactobacillales,Lactobacillaceae,Lactobacillus,,,,,
337,ASV340,0.436541075,0,Bacteria,Firmicutes,Clostridia,Clostridiales,Lachnospiraceae,NA,,,,,
338,ASV341,0.453940437,0,Bacteria,Firmicutes,Clostridia,Clostridiales,Ruminococcaceae,NA,,,,,
339,ASV342,0.230353884,0,Bacteria,Firmicutes,Bacilli,Lactobacillales,Streptococcaceae,Streptococcus,,,,,
340,ASV343,0.818059489,0,Bacteria,Bacteroidetes,Bacteroidia,Bacteroidales,Bacteroidaceae,Bacteroides,,,,,
341,ASV344,0.772949954,0,Bacteria,Firmicutes,Erysipelotrichia,Erysipelotrichales,Erysipelotrichaceae,Holdemania,,,,,
342,ASV345,0.609453567,0,Bacteria,Firmicutes,Clostridia,Clostridiales,Lachnospiraceae,Clostridium_XlVa,,,,,
343,ASV346,0.250239743,0,Bacteria,Firmicutes,Clostridia,Clostridiales,Lachnospiraceae,NA,,,,,
344,ASV347,0.740628751,0,Bacteria,Firmicutes,Clostridia,Clostridiales,Lachnospiraceae,Roseburia,,,,,
345,ASV348,0.255875215,0,Bacteria,Firmicutes,Clostridia,Clostridiales,Ruminococcaceae,Clostridium_IV,,,,,
346,ASV349,0.135112748,0,Bacteria,Firmicutes,Bacilli,Lactobacillales,Lactobacillaceae,Lactobacillus,,,,,
347,ASV350,0.325403516,0,Bacteria,Firmicutes,Clostridia,Clostridiales,Lachnospiraceae,Coprococcus,,,,,
348,ASV351,0.648097051,0,Bacteria,Bacteroidetes,Bacteroidia,Bacteroidales,Bacteroidaceae,Bacteroides,,,,,
349,ASV352,0.805602424,0,Bacteria,Firmicutes,Clostridia,Clostridiales,Peptostreptococcaceae,Romboutsia,,,,,
350,ASV353,0.236132364,0,Bacteria,Firmicutes,Clostridia,Clostridiales,Ruminococcaceae,Intestinimonas,,,,,
351,ASV354,0.444848922,0,Bacteria,Firmicutes,Clostridia,Clostridiales,Ruminococcaceae,Flavonifractor,,,,,
352,ASV355,0.343750037,0,Bacteria,Bacteroidetes,Bacteroidia,Bacteroidales,Rikenellaceae,Alistipes,,,,,
353,ASV356,0.632184,0,Bacteria,Firmicutes,Clostridia,Clostridiales,Lachnospiraceae,Roseburia,,,,,
354,ASV357,0.253050628,0,Bacteria,Firmicutes,Bacilli,Lactobacillales,Streptococcaceae,Streptococcus,,,,,
355,ASV358,0.506939147,0,Bacteria,Firmicutes,Negativicutes,Selenomonadales,Veillonellaceae,Veillonella,,,,,
356,ASV359,0.042686478,0,Bacteria,Firmicutes,Bacilli,Lactobacillales,Lactobacillaceae,Lactobacillus,,,,,
357,ASV360,0.916898139,0,Bacteria,Firmicutes,Clostridia,Clostridiales,Ruminococcaceae,Butyricicoccus,,,,,
358,ASV361,0.344499113,0,Bacteria,Firmicutes,Bacilli,Lactobacillales,Streptococcaceae,Streptococcus,,,,,
359,ASV362,0.654827944,0,Bacteria,Actinobacteria,Actinobacteria,Bifidobacteriales,Bifidobacteriaceae,Bifidobacterium,,,,,
360,ASV363,0.402114178,0,Bacteria,Firmicutes,Clostridia,Clostridiales,Lachnospiraceae,Roseburia,,,,,
361,ASV364,0.248138145,0,Bacteria,Firmicutes,Bacilli,Lactobacillales,Streptococcaceae,Streptococcus,,,,,
362,ASV365,0.658322821,0,Bacteria,Firmicutes,Clostridia,Clostridiales,Peptostreptococcaceae,Romboutsia,,,,,
363,ASV366,0.317597308,0,Bacteria,Firmicutes,Clostridia,Clostridiales,Lachnospiraceae,Coprococcus,,,,,
364,ASV367,0.457593927,0,Bacteria,Firmicutes,Clostridia,Clostridiales,Lachnospiraceae,Blautia,,,,,
365,ASV368,0.407609053,0,Bacteria,Firmicutes,Clostridia,Clostridiales,Ruminococcaceae,Clostridium_IV,,,,,
366,ASV369,0.533027904,0,Bacteria,Firmicutes,Clostridia,Clostridiales,Eubacteriaceae,Eubacterium,,,,,
367,ASV370,0.658232522,0,Bacteria,Firmicutes,Clostridia,Clostridiales,Ruminococcaceae,Oscillibacter,,,,,
368,ASV371,0.487962554,0,Bacteria,Firmicutes,Bacilli,Lactobacillales,Streptococcaceae,Streptococcus,,,,,
369,ASV372,0.795228298,0,Bacteria,Firmicutes,Clostridia,Clostridiales,NA,NA,,,,,
370,ASV373,0.007244181,0,Bacteria,Firmicutes,Bacilli,Lactobacillales,Lactobacillaceae,Lactobacillus,,,,,
371,ASV374,0.904518445,0,Bacteria,Firmicutes,NA,NA,NA,NA,,,,,
372,ASV375,0.064415817,0,Bacteria,Firmicutes,Bacilli,Lactobacillales,Enterococcaceae,NA,,,,,
373,ASV376,0.396764993,0,Bacteria,Bacteroidetes,Bacteroidia,Bacteroidales,Rikenellaceae,Alistipes,,,,,
374,ASV377,0.894940985,0,Bacteria,Firmicutes,Clostridia,Clostridiales,Lachnospiraceae,Eisenbergiella,,,,,
375,ASV378,0.789671419,0,Bacteria,Firmicutes,Clostridia,Clostridiales,Ruminococcaceae,Clostridium_III,,,,,
376,ASV379,0.765056451,0,Bacteria,Firmicutes,Clostridia,Clostridiales,Lachnospiraceae,Blautia,,,,,
377,ASV380,0.46162934,0,Bacteria,Firmicutes,Erysipelotrichia,Erysipelotrichales,Erysipelotrichaceae,Coprobacillus,,,,,
378,ASV381,0.376248742,0,Bacteria,Bacteroidetes,Bacteroidia,Bacteroidales,Porphyromonadaceae,NA,,,,,
379,ASV382,0.409967154,0,Bacteria,Firmicutes,Negativicutes,Selenomonadales,Veillonellaceae,Veillonella,,,,,
380,ASV383,0.577649467,0,Bacteria,Firmicutes,Clostridia,Clostridiales,Lachnospiraceae,Roseburia,,,,,
381,ASV384,0.969915827,0,Bacteria,Firmicutes,Clostridia,Clostridiales,Lachnospiraceae,Blautia,,,,,
382,ASV385,0.005898327,0,Bacteria,Firmicutes,Bacilli,Lactobacillales,Streptococcaceae,Streptococcus,,,,,
383,ASV386,0.282531856,0,Bacteria,Firmicutes,Clostridia,Clostridiales,Ruminococcaceae,Intestinimonas,,,,,
384,ASV387,0.473682992,0,Bacteria,Firmicutes,Erysipelotrichia,Erysipelotrichales,Erysipelotrichaceae,Turicibacter,,,,,
385,ASV388,0.06998403,0,Bacteria,Firmicutes,Clostridia,Clostridiales,Lachnospiraceae,Clostridium_XlVa,,,,,
386,ASV389,0.841076834,0,Bacteria,Firmicutes,Clostridia,Clostridiales,Lachnospiraceae,NA,,,,,
387,ASV390,0.654645707,0,Bacteria,Firmicutes,Clostridia,Clostridiales,Lachnospiraceae,Eisenbergiella,,,,,
388,ASV391,0.865521024,0,Bacteria,Firmicutes,Clostridia,Clostridiales,Lachnospiraceae,Blautia,,,,,
389,ASV392,0.956363082,0,Bacteria,Firmicutes,Clostridia,Clostridiales,Ruminococcaceae,Oscillibacter,,,,,
390,ASV393,0.688785619,0,Bacteria,Firmicutes,Erysipelotrichia,Erysipelotrichales,Erysipelotrichaceae,Turicibacter,,,,,
392,ASV395,0.713291011,0,Bacteria,Actinobacteria,Actinobacteria,Bifidobacteriales,Bifidobacteriaceae,Bifidobacterium,,,,,
393,ASV396,0.63806407,0,Bacteria,Firmicutes,Clostridia,Clostridiales,Eubacteriaceae,Eubacterium,,,,,
394,ASV397,0.113305649,0,Bacteria,Firmicutes,Clostridia,Clostridiales,Lachnospiraceae,Clostridium_XlVa,,,,,
395,ASV398,0.877560581,0,Bacteria,Firmicutes,Clostridia,Clostridiales,Lachnospiraceae,Eisenbergiella,,,,,
397,ASV400,0.785326271,0,Bacteria,Firmicutes,Erysipelotrichia,Erysipelotrichales,Erysipelotrichaceae,NA,,,,,
398,ASV401,0.331361626,0,Bacteria,Firmicutes,Erysipelotrichia,Erysipelotrichales,Erysipelotrichaceae,Coprobacillus,,,,,
399,ASV402,0.516660195,0,Bacteria,Firmicutes,Clostridia,Clostridiales,Lachnospiraceae,NA,,,,,
400,ASV403,0.546247874,0,Bacteria,Firmicutes,Clostridia,Clostridiales,Peptostreptococcaceae,Clostridium_XI,,,,,
401,ASV404,0.343852918,0,Bacteria,Bacteroidetes,Bacteroidia,Bacteroidales,Rikenellaceae,Alistipes,,,,,
402,ASV405,0.427504189,0,Bacteria,Bacteroidetes,Bacteroidia,Bacteroidales,Porphyromonadaceae,NA,,,,,
403,ASV406,0.645859542,0,Bacteria,Firmicutes,Clostridia,Clostridiales,Lachnospiraceae,Blautia,,,,,
404,ASV407,0.995182224,0,Bacteria,Firmicutes,Bacilli,Bacillales,Bacillales_Incertae_Sedis_XI,Gemella,,,,,
405,ASV408,0.979052931,0,Bacteria,Firmicutes,Bacilli,Lactobacillales,Lactobacillaceae,Lactobacillus,,,,,
407,ASV410,0.291124423,0,Bacteria,Firmicutes,Bacilli,Lactobacillales,Lactobacillaceae,Lactobacillus,,,,,
408,ASV411,0.661381461,0,Bacteria,Firmicutes,Clostridia,Clostridiales,Ruminococcaceae,Ruminococcus,,,,,
409,ASV412,0.252227082,0,Bacteria,Firmicutes,Clostridia,Clostridiales,Lachnospiraceae,Blautia,,,,,
410,ASV413,0.758603331,0,Bacteria,Firmicutes,Clostridia,Clostridiales,Peptostreptococcaceae,Terrisporobacter,,,,,
412,ASV415,0.726100757,0,Bacteria,Firmicutes,Clostridia,Clostridiales,Ruminococcaceae,Butyricicoccus,,,,,
413,ASV416,0.904634557,0,Bacteria,Firmicutes,Clostridia,Clostridiales,Ruminococcaceae,Clostridium_IV,,,,,
414,ASV417,0.642501917,0,Bacteria,Bacteroidetes,Bacteroidia,Bacteroidales,Bacteroidaceae,Bacteroides,,,,,
415,ASV418,0.369019518,0,Bacteria,Actinobacteria,Actinobacteria,Actinomycetales,Propionibacteriaceae,Propionibacterium,,,,,
416,ASV419,0.699061111,0,Bacteria,Firmicutes,Bacilli,Lactobacillales,Streptococcaceae,Streptococcus,,,,,
417,ASV420,0.82644527,0,Bacteria,Firmicutes,Clostridia,Clostridiales,Ruminococcaceae,Clostridium_III,,,,,
418,ASV421,0.495968563,0,Bacteria,Firmicutes,Clostridia,Clostridiales,Lachnospiraceae,NA,,,,,
419,ASV422,0.884505509,0,Bacteria,Firmicutes,Clostridia,Clostridiales,NA,NA,,,,,
420,ASV423,0.01662215,0,Bacteria,Firmicutes,Bacilli,Lactobacillales,Enterococcaceae,NA,,,,,
421,ASV424,0.955314183,0,Bacteria,Firmicutes,Bacilli,Bacillales,Bacillales_Incertae_Sedis_XI,Gemella,,,,,
422,ASV425,0.729410493,0,Bacteria,Firmicutes,Clostridia,Clostridiales,Lachnospiraceae,Eisenbergiella,,,,,
423,ASV426,0.497572714,0,Bacteria,Firmicutes,Clostridia,Clostridiales,Lachnospiraceae,Eisenbergiella,,,,,
424,ASV427,0.84145525,0,Bacteria,Firmicutes,Clostridia,Clostridiales,Lachnospiraceae,Blautia,,,,,
425,ASV428,0.786464684,0,Bacteria,Firmicutes,Erysipelotrichia,Erysipelotrichales,Erysipelotrichaceae,Turicibacter,,,,,
426,ASV429,0.53534065,0,Bacteria,Firmicutes,Erysipelotrichia,Erysipelotrichales,Erysipelotrichaceae,Turicibacter,,,,,
427,ASV430,0.819684736,0,Bacteria,Firmicutes,Clostridia,Clostridiales,Lachnospiraceae,Blautia,,,,,
428,ASV431,0.874089794,0,Bacteria,Firmicutes,Clostridia,Clostridiales,Peptostreptococcaceae,Terrisporobacter,,,,,
430,ASV433,0.806404829,0,Bacteria,Firmicutes,NA,NA,NA,NA,,,,,
431,ASV434,0.181536878,0,Bacteria,Firmicutes,Bacilli,Lactobacillales,Streptococcaceae,Streptococcus,,,,,
432,ASV435,0.443839146,0,Bacteria,Firmicutes,Clostridia,Clostridiales,Lachnospiraceae,Eisenbergiella,,,,,
434,ASV437,0.643856426,0,Bacteria,Firmicutes,Clostridia,Clostridiales,Lachnospiraceae,Eisenbergiella,,,,,
435,ASV438,0.471861196,0,Bacteria,Firmicutes,Clostridia,Clostridiales,Ruminococcaceae,Oscillibacter,,,,,
436,ASV439,0.726069248,0,Bacteria,Firmicutes,Clostridia,Clostridiales,Clostridiales_Incertae_Sedis_XIII,Anaerovorax,,,,,
437,ASV440,0.363638141,0,Bacteria,Firmicutes,Bacilli,Lactobacillales,Lactobacillaceae,Lactobacillus,,,,,
438,ASV441,0.980604406,0,Bacteria,Bacteroidetes,Bacteroidia,Bacteroidales,Bacteroidaceae,Bacteroides,,,,,
439,ASV442,0.294406323,0,Bacteria,Firmicutes,Clostridia,Clostridiales,Ruminococcaceae,Oscillibacter,,,,,
440,ASV443,0.271238597,0,Bacteria,Firmicutes,Clostridia,Clostridiales,Lachnospiraceae,NA,,,,,
441,ASV444,0.646142114,0,Bacteria,Firmicutes,Clostridia,Clostridiales,Ruminococcaceae,Ruminococcus,,,,,
442,ASV445,0.653697373,0,Bacteria,Firmicutes,Clostridia,Clostridiales,Ruminococcaceae,Butyricicoccus,,,,,
445,ASV448,0.559850015,0,Bacteria,Firmicutes,Clostridia,Clostridiales,Lachnospiraceae,Dorea,,,,,
446,ASV449,0.552184081,0,Bacteria,Firmicutes,Clostridia,Clostridiales,Ruminococcaceae,Flavonifractor,,,,,
447,ASV450,0.984372268,0,Bacteria,Firmicutes,Clostridia,Clostridiales,Lachnospiraceae,Roseburia,,,,,
448,ASV451,0.709622992,0,Bacteria,Firmicutes,Clostridia,Clostridiales,Lachnospiraceae,NA,,,,,
449,ASV452,0.432364909,0,Bacteria,Firmicutes,Clostridia,Clostridiales,Lachnospiraceae,Hungatella,,,,,
450,ASV453,0.071398478,0,Bacteria,Firmicutes,Bacilli,Lactobacillales,NA,NA,,,,,
451,ASV454,0.627011754,0,Bacteria,Firmicutes,Clostridia,Clostridiales,Lachnospiraceae,Eisenbergiella,,,,,
452,ASV455,0.83602279,0,Bacteria,Firmicutes,Clostridia,Clostridiales,Lachnospiraceae,NA,,,,,
453,ASV456,0.832163262,0,Bacteria,Firmicutes,Clostridia,Clostridiales,Ruminococcaceae,NA,,,,,
454,ASV457,0.927436177,0,Bacteria,Firmicutes,Clostridia,Clostridiales,Lachnospiraceae,Roseburia,,,,,
455,ASV458,0.619090806,0,Bacteria,Firmicutes,Bacilli,Lactobacillales,Lactobacillaceae,Lactobacillus,,,,,
456,ASV459,0.536108916,0,Bacteria,Firmicutes,Clostridia,Clostridiales,Lachnospiraceae,NA,,,,,
457,ASV460,0.207724753,0,Bacteria,Firmicutes,Clostridia,Clostridiales,Lachnospiraceae,Blautia,,,,,
458,ASV461,0.346515841,0,Bacteria,Actinobacteria,Actinobacteria,Actinomycetales,Propionibacteriaceae,Propionibacterium,,,,,
459,ASV462,0.595207013,0,Bacteria,Firmicutes,Bacilli,Lactobacillales,Streptococcaceae,Streptococcus,,,,,
460,ASV463,0.183871458,0,Bacteria,Firmicutes,Erysipelotrichia,Erysipelotrichales,Erysipelotrichaceae,Clostridium_XVIII,,,,,
461,ASV464,0.386678198,0,Bacteria,Firmicutes,Clostridia,Clostridiales,Lachnospiraceae,Blautia,,,,,
462,ASV465,0.253095752,0,Bacteria,Actinobacteria,Actinobacteria,Coriobacteriales,Coriobacteriaceae,Collinsella,,,,,
463,ASV466,0.416183196,0,Bacteria,Firmicutes,Clostridia,Clostridiales,Lachnospiraceae,Hungatella,,,,,
464,ASV467,0.981867312,0,Bacteria,Firmicutes,Bacilli,Lactobacillales,Streptococcaceae,Streptococcus,,,,,
466,ASV469,0.800720998,0,Bacteria,Firmicutes,Bacilli,Lactobacillales,Lactobacillaceae,Lactobacillus,,,,,
467,ASV470,0.520937135,0,Bacteria,Firmicutes,Clostridia,Clostridiales,Ruminococcaceae,Butyricicoccus,,,,,
468,ASV471,0.006983339,0,Bacteria,Firmicutes,Bacilli,Lactobacillales,Streptococcaceae,Streptococcus,,,,,
469,ASV472,0.957270381,0,Bacteria,Firmicutes,Clostridia,Clostridiales,Lachnospiraceae,Clostridium_XlVb,,,,,
470,ASV473,0.065449032,0,Bacteria,Firmicutes,Bacilli,Lactobacillales,NA,NA,,,,,
471,ASV474,0.061537524,0,Bacteria,Firmicutes,Bacilli,Lactobacillales,NA,NA,,,,,
472,ASV475,0.004492378,0,Bacteria,Verrucomicrobia,Verrucomicrobiae,Verrucomicrobiales,Verrucomicrobiaceae,Akkermansia,,,,,
473,ASV476,0.755142794,0,Bacteria,Firmicutes,Clostridia,Clostridiales,Ruminococcaceae,NA,,,,,
474,ASV477,0.779273663,0,Bacteria,Firmicutes,Clostridia,Clostridiales,Ruminococcaceae,Flavonifractor,,,,,
475,ASV478,0.044793262,0,Bacteria,Firmicutes,Bacilli,Lactobacillales,Streptococcaceae,Streptococcus,,,,,
476,ASV479,0.593314547,0,Bacteria,Firmicutes,Clostridia,Clostridiales,Lachnospiraceae,Dorea,,,,,
477,ASV480,0.647615915,0,Bacteria,Firmicutes,Clostridia,Clostridiales,Clostridiaceae_1,Clostridium_sensu_stricto,,,,,
478,ASV481,0.065969373,0,Bacteria,Firmicutes,Bacilli,Lactobacillales,Streptococcaceae,NA,,,,,
479,ASV482,0.551173692,0,Bacteria,Firmicutes,Clostridia,Clostridiales,Lachnospiraceae,Clostridium_XlVa,,,,,
480,ASV483,0.413585436,0,Bacteria,Firmicutes,Bacilli,Lactobacillales,Streptococcaceae,Streptococcus,,,,,
481,ASV484,0.662343033,0,Bacteria,Firmicutes,Clostridia,Clostridiales,Ruminococcaceae,Clostridium_IV,,,,,
482,ASV485,0.791299284,0,Bacteria,Firmicutes,Clostridia,Clostridiales,Ruminococcaceae,Clostridium_IV,,,,,
483,ASV486,0.714368542,0,Bacteria,Bacteroidetes,Bacteroidia,Bacteroidales,Bacteroidaceae,Bacteroides,,,,,
485,ASV488,0.576936534,0,Bacteria,Firmicutes,Bacilli,Lactobacillales,Streptococcaceae,Streptococcus,,,,,
486,ASV489,0.640794537,0,Bacteria,Firmicutes,Clostridia,Clostridiales,Lachnospiraceae,NA,,,,,
487,ASV490,0.618202901,0,Bacteria,Firmicutes,Clostridia,Clostridiales,Ruminococcaceae,Subdoligranulum,,,,,
488,ASV491,0.291992778,0,Bacteria,Firmicutes,Clostridia,Clostridiales,Lachnospiraceae,NA,,,,,
489,ASV492,0.44515777,0,Bacteria,Actinobacteria,Actinobacteria,Coriobacteriales,Coriobacteriaceae,Adlercreutzia,,,,,
490,ASV493,0.567328575,0,Bacteria,Firmicutes,Clostridia,Clostridiales,Lachnospiraceae,Blautia,,,,,
491,ASV494,0.629970162,0,Bacteria,Firmicutes,Clostridia,Clostridiales,Lachnospiraceae,Clostridium_XlVb,,,,,
492,ASV495,0.376986217,0,Bacteria,Firmicutes,Bacilli,Lactobacillales,Streptococcaceae,Streptococcus,,,,,
493,ASV496,0.646158112,0,Bacteria,Firmicutes,Clostridia,Clostridiales,Clostridiales_Incertae_Sedis_XIII,Anaerovorax,,,,,
494,ASV497,0.740614248,0,Bacteria,Firmicutes,Negativicutes,Selenomonadales,Veillonellaceae,Megasphaera,,,,,
496,ASV499,0.716591921,0,Bacteria,Firmicutes,Clostridia,Clostridiales,Ruminococcaceae,Butyricicoccus,,,,,
497,ASV500,0.413304603,0,Bacteria,Firmicutes,Clostridia,Clostridiales,Ruminococcaceae,Clostridium_IV,,,,,
498,ASV501,0.655957622,0,Bacteria,Firmicutes,Bacilli,Lactobacillales,Leuconostocaceae,Leuconostoc,,,,,
499,ASV502,0.700755738,0,Bacteria,Firmicutes,Clostridia,Clostridiales,Lachnospiraceae,Blautia,,,,,
500,ASV503,0.217328152,0,Bacteria,Firmicutes,Bacilli,Lactobacillales,Streptococcaceae,Streptococcus,,,,,
501,ASV504,0.394974048,0,Bacteria,Firmicutes,Clostridia,Clostridiales,Lachnospiraceae,NA,,,,,
502,ASV505,0.706195363,0,Bacteria,Firmicutes,Bacilli,Lactobacillales,Leuconostocaceae,Leuconostoc,,,,,
503,ASV506,0.886843938,0,Bacteria,Firmicutes,Clostridia,Clostridiales,Ruminococcaceae,Ruminococcus,,,,,
504,ASV507,0.108289431,0,Bacteria,Firmicutes,Bacilli,Lactobacillales,Streptococcaceae,Streptococcus,,,,,
505,ASV508,0.224422917,0,Bacteria,Firmicutes,Clostridia,Clostridiales,Ruminococcaceae,Ruminococcus,,,,,
506,ASV509,0.547185345,0,Bacteria,Firmicutes,Negativicutes,Selenomonadales,Veillonellaceae,Veillonella,,,,,
507,ASV510,0.686311192,0,Bacteria,Bacteroidetes,Bacteroidia,Bacteroidales,Rikenellaceae,Alistipes,,,,,
508,ASV511,0.502265432,0,Bacteria,Actinobacteria,Actinobacteria,Actinomycetales,Propionibacteriaceae,Propionibacterium,,,,,
509,ASV512,0.394727178,0,Bacteria,Firmicutes,Bacilli,Lactobacillales,NA,NA,,,,,
510,ASV513,0.875121705,0,Bacteria,Firmicutes,Clostridia,Clostridiales,Ruminococcaceae,NA,,,,,
511,ASV514,0.705588803,0,Bacteria,Firmicutes,Bacilli,Lactobacillales,Streptococcaceae,Streptococcus,,,,,
512,ASV515,0.751300405,0,Bacteria,Firmicutes,Clostridia,Clostridiales,Ruminococcaceae,Butyricicoccus,,,,,
515,ASV518,0.522734755,0,Bacteria,Actinobacteria,Actinobacteria,Coriobacteriales,Coriobacteriaceae,Adlercreutzia,,,,,
517,ASV520,0.899987968,0,Bacteria,Firmicutes,Clostridia,Clostridiales,Lachnospiraceae,Blautia,,,,,
518,ASV521,0.736037244,0,Bacteria,Firmicutes,Clostridia,Clostridiales,Peptococcaceae_1,Peptococcus,,,,,
520,ASV523,0.937202867,0,Bacteria,Firmicutes,Clostridia,Clostridiales,Ruminococcaceae,Faecalibacterium,,,,,
521,ASV524,0.067040175,0,Bacteria,Firmicutes,Bacilli,Lactobacillales,NA,NA,,,,,
522,ASV525,0.204584167,0,Bacteria,Firmicutes,Bacilli,Lactobacillales,Streptococcaceae,Streptococcus,,,,,
523,ASV526,0.551486122,0,Bacteria,Firmicutes,Bacilli,Lactobacillales,Enterococcaceae,Enterococcus,,,,,
524,ASV527,0.899060851,0,Bacteria,Firmicutes,Clostridia,Clostridiales,Lachnospiraceae,NA,,,,,
525,ASV528,0.026899235,0,Bacteria,Firmicutes,Bacilli,Lactobacillales,Lactobacillaceae,Lactobacillus,,,,,
526,ASV529,0.760208703,0,Bacteria,Firmicutes,Clostridia,Clostridiales,Ruminococcaceae,Faecalibacterium,,,,,
527,ASV530,0.436633104,0,Bacteria,Firmicutes,Clostridia,Clostridiales,Lachnospiraceae,Clostridium_XlVa,,,,,
528,ASV531,0.977815962,0,Bacteria,Firmicutes,Erysipelotrichia,Erysipelotrichales,Erysipelotrichaceae,NA,,,,,
529,ASV532,0.159730023,0,Bacteria,Firmicutes,Erysipelotrichia,Erysipelotrichales,Erysipelotrichaceae,Clostridium_XVIII,,,,,
531,ASV534,0.114775914,0,Bacteria,Firmicutes,Bacilli,Lactobacillales,NA,NA,,,,,
532,ASV535,0.264770203,0,Bacteria,Firmicutes,Bacilli,Lactobacillales,Streptococcaceae,Streptococcus,,,,,
534,ASV537,0.057084221,0,Bacteria,Firmicutes,Bacilli,Lactobacillales,Streptococcaceae,Streptococcus,,,,,
535,ASV538,0.970410748,0,Bacteria,Firmicutes,Clostridia,Clostridiales,Lachnospiraceae,NA,,,,,
539,ASV542,0.657172966,0,Bacteria,Bacteroidetes,Bacteroidia,Bacteroidales,Rikenellaceae,Alistipes,,,,,
540,ASV543,0.039638159,0,Bacteria,Firmicutes,Erysipelotrichia,Erysipelotrichales,Erysipelotrichaceae,NA,,,,,
541,ASV544,0.615399732,0,Bacteria,Firmicutes,Clostridia,Clostridiales,Ruminococcaceae,Sporobacter,,,,,
542,ASV545,0.346879887,0,Bacteria,Firmicutes,Bacilli,Lactobacillales,Enterococcaceae,NA,,,,,
543,ASV546,0.857227491,0,Bacteria,Firmicutes,Bacilli,Lactobacillales,Streptococcaceae,Streptococcus,,,,,
544,ASV547,0.084101169,0,Bacteria,Firmicutes,Erysipelotrichia,Erysipelotrichales,Erysipelotrichaceae,NA,,,,,
545,ASV548,0.759425026,0,Bacteria,Firmicutes,Clostridia,Clostridiales,Lachnospiraceae,NA,,,,,
546,ASV549,0.401820001,0,Bacteria,Firmicutes,Clostridia,Clostridiales,Lachnospiraceae,Blautia,,,,,
547,ASV550,0.036320599,0,Bacteria,Firmicutes,Bacilli,Lactobacillales,Lactobacillaceae,Lactobacillus,,,,,
548,ASV551,0.551711766,0,Bacteria,Firmicutes,Clostridia,Clostridiales,Clostridiales_Incertae_Sedis_XI,Parvimonas,,,,,
549,ASV552,0.761491208,0,Bacteria,Firmicutes,Clostridia,Clostridiales,Lachnospiraceae,Blautia,,,,,
550,ASV553,0.75163034,0,Bacteria,Firmicutes,Clostridia,Clostridiales,Lachnospiraceae,Blautia,,,,,
551,ASV554,0.376775246,0,Bacteria,Firmicutes,Erysipelotrichia,Erysipelotrichales,Erysipelotrichaceae,Clostridium_XVIII,,,,,
552,ASV555,0.08113316,0,Bacteria,Firmicutes,Erysipelotrichia,Erysipelotrichales,Erysipelotrichaceae,Faecalicoccus,,,,,
553,ASV556,0.311231817,0,Bacteria,Proteobacteria,Gammaproteobacteria,Enterobacteriales,Enterobacteriaceae,Escherichia/Shigella,,,,,
555,ASV558,0.331699465,0,Bacteria,Firmicutes,Bacilli,Lactobacillales,Lactobacillaceae,Lactobacillus,,,,,
556,ASV559,0.906869723,0,Bacteria,Proteobacteria,Gammaproteobacteria,Enterobacteriales,Enterobacteriaceae,Escherichia/Shigella,,,,,
557,ASV560,0.820623403,0,Bacteria,Firmicutes,Clostridia,Clostridiales,Lachnospiraceae,NA,,,,,
560,ASV563,0.992865691,0,Bacteria,Firmicutes,Bacilli,Lactobacillales,Streptococcaceae,Streptococcus,,,,,
561,ASV564,0.123243771,0,Bacteria,Firmicutes,Clostridia,Clostridiales,Lachnospiraceae,NA,,,,,
562,ASV565,0.677308181,0,Bacteria,Firmicutes,Clostridia,Clostridiales,Lachnospiraceae,NA,,,,,
563,ASV566,0.244107392,0,Bacteria,Firmicutes,Bacilli,Lactobacillales,NA,NA,,,,,
564,ASV567,0.427247623,0,Bacteria,Firmicutes,Clostridia,Clostridiales,Ruminococcaceae,Clostridium_IV,,,,,
565,ASV568,0.400237731,0,Bacteria,Firmicutes,Clostridia,Clostridiales,Lachnospiraceae,Clostridium_XlVb,,,,,
566,ASV569,0.366207236,0,Bacteria,Firmicutes,Bacilli,Lactobacillales,NA,NA,,,,,
567,ASV570,0.161097657,0,Bacteria,Firmicutes,Bacilli,Lactobacillales,NA,NA,,,,,
568,ASV571,0.152655263,0,Bacteria,Firmicutes,Bacilli,Lactobacillales,NA,NA,,,,,
569,ASV572,0.047199498,0,Bacteria,Firmicutes,Clostridia,Clostridiales,Lachnospiraceae,Blautia,,,,,
570,ASV573,0.991972237,0,Bacteria,Firmicutes,Erysipelotrichia,Erysipelotrichales,Erysipelotrichaceae,Clostridium_XVIII,,,,,
571,ASV574,0.801124953,0,Bacteria,Firmicutes,Clostridia,Clostridiales,Lachnospiraceae,Blautia,,,,,
572,ASV575,0.888067713,0,Bacteria,Actinobacteria,Actinobacteria,Coriobacteriales,Coriobacteriaceae,Denitrobacterium,,,,,
573,ASV576,0.60268249,0,Bacteria,Firmicutes,Bacilli,Lactobacillales,Lactobacillaceae,Lactobacillus,,,,,
574,ASV577,0.361583695,0,Bacteria,Firmicutes,Clostridia,Clostridiales,Lachnospiraceae,Clostridium_XlVa,,,,,
575,ASV578,0.121652439,0,Bacteria,Firmicutes,Bacilli,Lactobacillales,NA,NA,,,,,
576,ASV579,0.648632412,0,Bacteria,Firmicutes,Clostridia,Clostridiales,Clostridiales_Incertae_Sedis_XIII,Anaerovorax,,,,,
577,ASV580,0.556895172,0,Bacteria,Firmicutes,Clostridia,Clostridiales,Lachnospiraceae,Blautia,,,,,
578,ASV581,0.200158383,0,Bacteria,Firmicutes,Erysipelotrichia,Erysipelotrichales,Erysipelotrichaceae,Clostridium_XVIII,,,,,
579,ASV582,0.230896261,0,Bacteria,Firmicutes,Clostridia,Clostridiales,Clostridiaceae_1,Clostridium_sensu_stricto,,,,,
580,ASV583,0.601155045,0,Bacteria,Firmicutes,Clostridia,Clostridiales,Peptostreptococcaceae,Romboutsia,,,,,
584,ASV587,0.431703469,0,Bacteria,Firmicutes,Clostridia,Clostridiales,Lachnospiraceae,Coprococcus,,,,,
585,ASV588,0.335802194,0,Bacteria,Firmicutes,Bacilli,Lactobacillales,NA,NA,,,,,
586,ASV589,0.106275879,0,Bacteria,Firmicutes,Bacilli,Lactobacillales,Streptococcaceae,Streptococcus,,,,,
587,ASV590,0.320614189,0,Bacteria,Firmicutes,Clostridia,Clostridiales,Lachnospiraceae,Blautia,,,,,
588,ASV591,0.730659456,0,Bacteria,Firmicutes,Clostridia,Clostridiales,Lachnospiraceae,Blautia,,,,,
589,ASV592,0.30006471,0,Bacteria,Firmicutes,Bacilli,Lactobacillales,Streptococcaceae,Streptococcus,,,,,
590,ASV593,0.39459821,0,Bacteria,Bacteroidetes,Bacteroidia,Bacteroidales,Bacteroidaceae,Bacteroides,,,,,
593,ASV596,0.5522937,0,Bacteria,Firmicutes,Clostridia,Clostridiales,Lachnospiraceae,Coprococcus,,,,,
594,ASV597,0.193362589,0,Bacteria,Firmicutes,Clostridia,Clostridiales,Peptostreptococcaceae,Romboutsia,,,,,
595,ASV598,0.871756866,0,Bacteria,Firmicutes,Clostridia,Clostridiales,Lachnospiraceae,Clostridium_XlVa,,,,,
596,ASV599,0.759018195,0,Bacteria,Firmicutes,Clostridia,Clostridiales,Clostridiales_Incertae_Sedis_XIII,Anaerovorax,,,,,
597,ASV600,0.965731666,0,Bacteria,Actinobacteria,Actinobacteria,Actinomycetales,Actinomycetaceae,Actinomyces,,,,,
598,ASV601,0.760610945,0,Bacteria,Firmicutes,Clostridia,Clostridiales,Lachnospiraceae,Clostridium_XlVa,,,,,
599,ASV602,0.712686958,0,Bacteria,Firmicutes,Clostridia,Clostridiales,Lachnospiraceae,Blautia,,,,,
600,ASV603,0.639728464,0,Bacteria,Verrucomicrobia,Verrucomicrobiae,Verrucomicrobiales,Verrucomicrobiaceae,Akkermansia,,,,,
601,ASV604,0.29061898,0,Bacteria,Actinobacteria,Actinobacteria,Actinomycetales,Micrococcaceae,Rothia,,,,,
603,ASV606,0.471344536,0,Bacteria,Firmicutes,Clostridia,Clostridiales,Lachnospiraceae,Clostridium_XlVb,,,,,
604,ASV607,0.028478923,0,Bacteria,Firmicutes,Clostridia,Clostridiales,Lachnospiraceae,NA,,,,,
605,ASV608,0.115716296,0,Bacteria,Firmicutes,Bacilli,Lactobacillales,NA,NA,,,,,
607,ASV610,0.952115601,0,Bacteria,Firmicutes,Clostridia,Clostridiales,Lachnospiraceae,NA,,,,,
608,ASV611,0.258777796,0,Bacteria,Verrucomicrobia,Verrucomicrobiae,Verrucomicrobiales,Verrucomicrobiaceae,Akkermansia,,,,,
609,ASV612,0.098275642,0,Bacteria,Firmicutes,Clostridia,Clostridiales,Lachnospiraceae,NA,,,,,
610,ASV613,0.780705218,0,Bacteria,Firmicutes,Erysipelotrichia,Erysipelotrichales,Erysipelotrichaceae,NA,,,,,
611,ASV614,0.636145459,0,Bacteria,Proteobacteria,Gammaproteobacteria,Enterobacteriales,Enterobacteriaceae,Escherichia/Shigella,,,,,
612,ASV615,0.820630924,0,Bacteria,Firmicutes,Clostridia,Clostridiales,Ruminococcaceae,NA,,,,,
613,ASV616,0.367643747,0,Bacteria,Firmicutes,Clostridia,Clostridiales,Lachnospiraceae,Blautia,,,,,
614,ASV617,0.285970331,0,Bacteria,Firmicutes,Bacilli,Lactobacillales,Lactobacillaceae,Lactobacillus,,,,,
615,ASV618,0.72297871,0,Bacteria,Firmicutes,Clostridia,Clostridiales,Lachnospiraceae,Blautia,,,,,
616,ASV619,0.747591094,0,Bacteria,Actinobacteria,Actinobacteria,Actinomycetales,Actinomycetaceae,Actinomyces,,,,,
617,ASV620,0.313939057,0,Bacteria,Firmicutes,Bacilli,Lactobacillales,Streptococcaceae,Streptococcus,,,,,
618,ASV621,0.061303157,0,Bacteria,Firmicutes,Bacilli,Bacillales,Staphylococcaceae,NA,,,,,
619,ASV622,0.731442251,0,Bacteria,Firmicutes,Clostridia,Clostridiales,Lachnospiraceae,Clostridium_XlVa,,,,,
620,ASV623,0.647978795,0,Bacteria,Firmicutes,Clostridia,Clostridiales,Lachnospiraceae,Blautia,,,,,
621,ASV624,0.072438684,0,Bacteria,Firmicutes,Bacilli,Lactobacillales,Enterococcaceae,Enterococcus,,,,,
623,ASV626,0.332886372,0,Bacteria,Firmicutes,Bacilli,Lactobacillales,Streptococcaceae,Streptococcus,,,,,
624,ASV627,0.058647133,0,Bacteria,Verrucomicrobia,Verrucomicrobiae,Verrucomicrobiales,Verrucomicrobiaceae,Akkermansia,,,,,
625,ASV628,0.056656239,0,Bacteria,Firmicutes,Bacilli,Lactobacillales,Lactobacillaceae,Pediococcus,,,,,
626,ASV629,0.618852081,0,Bacteria,Firmicutes,Bacilli,Lactobacillales,Streptococcaceae,Streptococcus,,,,,
627,ASV630,0.094841613,0,Bacteria,Firmicutes,Negativicutes,Selenomonadales,Acidaminococcaceae,Phascolarctobacterium,,,,,
628,ASV631,0.84575399,0,Bacteria,Firmicutes,Clostridia,Clostridiales,Lachnospiraceae,Blautia,,,,,
629,ASV632,0.736763872,0,Bacteria,Firmicutes,Clostridia,Clostridiales,Lachnospiraceae,Blautia,,,,,
630,ASV633,0.114569885,0,Bacteria,Firmicutes,Bacilli,Lactobacillales,Lactobacillaceae,Lactobacillus,,,,,
631,ASV634,0.260539205,0,Bacteria,Firmicutes,Clostridia,Clostridiales,Peptostreptococcaceae,Romboutsia,,,,,
632,ASV635,0.317075288,0,Bacteria,Actinobacteria,Actinobacteria,Bifidobacteriales,Bifidobacteriaceae,Bifidobacterium,,,,,
633,ASV636,0.621313616,0,Bacteria,Firmicutes,Bacilli,Lactobacillales,Leuconostocaceae,Leuconostoc,,,,,
634,ASV637,0.729861557,0,Bacteria,Firmicutes,Bacilli,Lactobacillales,Streptococcaceae,Streptococcus,,,,,
635,ASV638,0.526572841,0,Bacteria,Actinobacteria,Actinobacteria,Actinomycetales,Actinomycetaceae,Actinomyces,,,,,
636,ASV639,0.093973819,0,Bacteria,Firmicutes,Bacilli,Lactobacillales,Lactobacillaceae,Lactobacillus,,,,,
637,ASV640,0.09419992,0,Bacteria,Firmicutes,Bacilli,Lactobacillales,Streptococcaceae,Streptococcus,,,,,
638,ASV641,0.277401486,0,Bacteria,Firmicutes,Clostridia,Clostridiales,Peptostreptococcaceae,Romboutsia,,,,,
640,ASV643,0.338870096,0,Bacteria,Firmicutes,Clostridia,Clostridiales,Lachnospiraceae,Blautia,,,,,
642,ASV645,0.377963615,0,Bacteria,Actinobacteria,Actinobacteria,Actinomycetales,Micrococcaceae,Rothia,,,,,
643,ASV646,0.716472326,0,Bacteria,Firmicutes,Clostridia,Clostridiales,Lachnospiraceae,Blautia,,,,,
644,ASV647,0.28809496,0,Bacteria,Proteobacteria,Gammaproteobacteria,Enterobacteriales,Enterobacteriaceae,NA,,,,,
645,ASV648,0.088047512,0,Bacteria,Firmicutes,Bacilli,Bacillales,Staphylococcaceae,Salinicoccus,,,,,
646,ASV649,0.562420895,0,Bacteria,Firmicutes,Clostridia,Clostridiales,Lachnospiraceae,Blautia,,,,,
647,ASV650,0.288449309,0,Bacteria,Firmicutes,Clostridia,Clostridiales,Ruminococcaceae,Ruminococcus,,,,,
648,ASV651,0.099669458,0,Bacteria,Firmicutes,Erysipelotrichia,Erysipelotrichales,Erysipelotrichaceae,NA,,,,,
649,ASV652,0.220427692,0,Bacteria,Verrucomicrobia,Verrucomicrobiae,Verrucomicrobiales,Verrucomicrobiaceae,Akkermansia,,,,,
650,ASV653,0.561280343,0,Bacteria,Firmicutes,Clostridia,Clostridiales,Lachnospiraceae,Blautia,,,,,
651,ASV654,0.516830102,0,Bacteria,Firmicutes,Clostridia,Clostridiales,Lachnospiraceae,Blautia,,,,,
652,ASV655,0.179599153,0,Bacteria,Firmicutes,Bacilli,Lactobacillales,Streptococcaceae,Streptococcus,,,,,
653,ASV656,0.292648551,0,Bacteria,Firmicutes,Erysipelotrichia,Erysipelotrichales,Erysipelotrichaceae,Clostridium_XVIII,,,,,
654,ASV657,0.87655461,0,Bacteria,Firmicutes,Bacilli,Lactobacillales,Streptococcaceae,Streptococcus,,,,,
655,ASV658,0.123214573,0,Bacteria,Firmicutes,Negativicutes,Selenomonadales,Veillonellaceae,Megasphaera,,,,,
656,ASV659,0.103679645,0,Bacteria,Firmicutes,Bacilli,Lactobacillales,Enterococcaceae,Enterococcus,,,,,
657,ASV660,0.322309432,0,Bacteria,Firmicutes,Bacilli,Lactobacillales,Enterococcaceae,NA,,,,,
658,ASV661,0.493806868,0,Bacteria,Firmicutes,Bacilli,Lactobacillales,Streptococcaceae,Streptococcus,,,,,
659,ASV662,0.805562159,0,Bacteria,Firmicutes,Bacilli,Lactobacillales,Carnobacteriaceae,Granulicatella,,,,,
660,ASV663,0.553795281,0,Bacteria,Firmicutes,Bacilli,Lactobacillales,NA,NA,,,,,
661,ASV664,0.732595279,0,Bacteria,Firmicutes,NA,NA,NA,NA,,,,,
662,ASV665,0.265020029,0,Bacteria,Firmicutes,Bacilli,Lactobacillales,Streptococcaceae,Streptococcus,,,,,
663,ASV666,0.089468391,0,Bacteria,Firmicutes,Bacilli,Lactobacillales,Lactobacillaceae,Lactobacillus,,,,,
664,ASV667,0.695176745,0,Bacteria,Firmicutes,Clostridia,Clostridiales,Lachnospiraceae,Blautia,,,,,
666,ASV669,0.233682904,0,Bacteria,Verrucomicrobia,Verrucomicrobiae,Verrucomicrobiales,Verrucomicrobiaceae,Akkermansia,,,,,
667,ASV670,0.244743938,0,Bacteria,Firmicutes,Clostridia,Clostridiales,Lachnospiraceae,Clostridium_XlVa,,,,,
668,ASV671,0.426137283,0,Bacteria,Firmicutes,Negativicutes,Selenomonadales,Veillonellaceae,Megasphaera,,,,,
669,ASV672,0.191321216,0,Bacteria,Firmicutes,Clostridia,Clostridiales,Lachnospiraceae,Blautia,,,,,
670,ASV673,0.503752808,0,Bacteria,Firmicutes,Clostridia,Clostridiales,Lachnospiraceae,Blautia,,,,,
671,ASV674,0.173415545,0,Bacteria,Firmicutes,Erysipelotrichia,Erysipelotrichales,Erysipelotrichaceae,Clostridium_XVIII,,,,,
672,ASV675,0.444672121,0,Bacteria,Firmicutes,Bacilli,Lactobacillales,NA,NA,,,,,
673,ASV676,0.928486775,0,Bacteria,Firmicutes,Bacilli,Lactobacillales,NA,NA,,,,,
674,ASV677,0.136922438,0,Bacteria,Firmicutes,Clostridia,Clostridiales,Lachnospiraceae,Blautia,,,,,
675,ASV678,0.616017886,0,Bacteria,Firmicutes,Clostridia,Clostridiales,Ruminococcaceae,Oscillibacter,,,,,
676,ASV679,0.187486955,0,Bacteria,Firmicutes,Bacilli,Lactobacillales,Enterococcaceae,NA,,,,,
677,ASV680,0.08361618,0,Bacteria,Firmicutes,Bacilli,Lactobacillales,Enterococcaceae,Enterococcus,,,,,
678,ASV681,0.230769717,0,Bacteria,Firmicutes,Bacilli,Lactobacillales,NA,NA,,,,,
679,ASV682,0.321711533,0,Bacteria,Firmicutes,Negativicutes,Selenomonadales,Veillonellaceae,NA,,,,,
680,ASV683,0.116929702,0,Bacteria,Firmicutes,Bacilli,Lactobacillales,Lactobacillaceae,Pediococcus,,,,,
681,ASV684,0.934565306,0,Bacteria,Firmicutes,Clostridia,Clostridiales,Eubacteriaceae,Anaerofustis,,,,,
682,ASV685,0.292937237,0,Bacteria,Firmicutes,Clostridia,Clostridiales,Lachnospiraceae,NA,,,,,
683,ASV686,0.587173623,0,Bacteria,Firmicutes,Erysipelotrichia,Erysipelotrichales,Erysipelotrichaceae,NA,,,,,
684,ASV687,0.227257557,0,Bacteria,Firmicutes,Negativicutes,Selenomonadales,Veillonellaceae,NA,,,,,
685,ASV688,0.394984444,0,Bacteria,Firmicutes,Bacilli,Lactobacillales,Streptococcaceae,Streptococcus,,,,,
686,ASV689,0.129329265,0,Bacteria,Firmicutes,Clostridia,Clostridiales,Lachnospiraceae,NA,,,,,
687,ASV690,0.340529355,0,Bacteria,Firmicutes,Clostridia,Clostridiales,Peptostreptococcaceae,Romboutsia,,,,,
688,ASV691,0.729441947,0,Bacteria,Firmicutes,NA,NA,NA,NA,,,,,
689,ASV692,0.179484256,0,Bacteria,Firmicutes,Clostridia,Clostridiales,Lachnospiraceae,Blautia,,,,,
690,ASV693,0.828524025,0,Bacteria,Firmicutes,Clostridia,Clostridiales,Eubacteriaceae,Anaerofustis,,,,,
691,ASV694,0.645681518,0,Bacteria,Firmicutes,Erysipelotrichia,Erysipelotrichales,Erysipelotrichaceae,NA,,,,,
692,ASV695,0.668756044,0,Bacteria,Firmicutes,Clostridia,Clostridiales,Lachnospiraceae,Blautia,,,,,
693,ASV696,0.214512031,0,Bacteria,Firmicutes,Bacilli,Lactobacillales,Lactobacillaceae,Lactobacillus,,,,,
694,ASV697,0.511126514,0,Bacteria,Firmicutes,Bacilli,Lactobacillales,Enterococcaceae,NA,,,,,
695,ASV698,0.447412891,0,Bacteria,Firmicutes,Bacilli,Lactobacillales,Streptococcaceae,Streptococcus,,,,,
696,ASV699,0.091031238,0,Bacteria,Firmicutes,Bacilli,Lactobacillales,Enterococcaceae,NA,,,,,
697,ASV700,0.579616903,0,Bacteria,Verrucomicrobia,Verrucomicrobiae,Verrucomicrobiales,Verrucomicrobiaceae,Akkermansia,,,,,
698,ASV701,0.303442233,0,Bacteria,Firmicutes,Bacilli,Lactobacillales,Streptococcaceae,Streptococcus,,,,,
700,ASV703,0.280471712,0,Bacteria,Firmicutes,Bacilli,Lactobacillales,Streptococcaceae,Streptococcus,,,,,
701,ASV704,0.151230015,0,Bacteria,Firmicutes,Clostridia,Clostridiales,Lachnospiraceae,NA,,,,,
702,ASV705,0.234468463,0,Bacteria,Firmicutes,Bacilli,Lactobacillales,Streptococcaceae,Streptococcus,,,,,
704,ASV707,0.173159154,0,Bacteria,Firmicutes,Bacilli,Lactobacillales,Lactobacillaceae,Lactobacillus,,,,,
705,ASV708,0.086407267,0,Bacteria,Firmicutes,Bacilli,Lactobacillales,Lactobacillaceae,Lactobacillus,,,,,
706,ASV709,0.215879061,0,Bacteria,Firmicutes,Clostridia,Clostridiales,Lachnospiraceae,NA,,,,,
707,ASV710,0.777365316,0,Bacteria,Firmicutes,Clostridia,Clostridiales,Lachnospiraceae,Ruminococcus2,,,,,
708,ASV711,0.376875788,0,Bacteria,Firmicutes,Clostridia,Clostridiales,Peptostreptococcaceae,Romboutsia,,,,,
709,ASV712,0.244583714,0,Bacteria,Firmicutes,Erysipelotrichia,Erysipelotrichales,Erysipelotrichaceae,NA,,,,,
710,ASV713,0.242721837,0,Bacteria,Actinobacteria,Actinobacteria,Bifidobacteriales,Bifidobacteriaceae,NA,,,,,
711,ASV714,0.283698803,0,Bacteria,Verrucomicrobia,Verrucomicrobiae,Verrucomicrobiales,Verrucomicrobiaceae,Akkermansia,,,,,
712,ASV715,0.227171073,0,Bacteria,Firmicutes,Bacilli,Lactobacillales,NA,NA,,,,,
713,ASV716,0.626407729,0,Bacteria,Firmicutes,Bacilli,Lactobacillales,Streptococcaceae,Streptococcus,,,,,
714,ASV717,0.601439108,0,Bacteria,Firmicutes,Negativicutes,Selenomonadales,Veillonellaceae,Veillonella,,,,,
715,ASV718,0.361853281,0,Bacteria,Firmicutes,Clostridia,Clostridiales,Lachnospiraceae,Blautia,,,,,
716,ASV719,0.229471845,0,Bacteria,Firmicutes,Clostridia,Clostridiales,Lachnospiraceae,Anaerostipes,,,,,
717,ASV720,0.260906063,0,Bacteria,Bacteroidetes,Bacteroidia,Bacteroidales,Bacteroidaceae,Bacteroides,,,,,
718,ASV721,0.467547863,0,Bacteria,Bacteroidetes,Bacteroidia,Bacteroidales,Porphyromonadaceae,Parabacteroides,,,,,
719,ASV722,0.640790832,0,Bacteria,Firmicutes,Clostridia,Clostridiales,Clostridiales_Incertae_Sedis_XIII,Mogibacterium,,,,,
720,ASV723,0.832336423,0,Bacteria,Firmicutes,Clostridia,Clostridiales,Ruminococcaceae,Oscillibacter,,,,,
721,ASV724,0.367395095,0,Bacteria,Verrucomicrobia,Verrucomicrobiae,Verrucomicrobiales,Verrucomicrobiaceae,Akkermansia,,,,,
722,ASV725,0.292532613,0,Bacteria,Firmicutes,Clostridia,Clostridiales,Clostridiaceae_1,Clostridium_sensu_stricto,,,,,
723,ASV726,0.270055752,0,Bacteria,Firmicutes,Bacilli,Lactobacillales,NA,NA,,,,,
724,ASV727,0.561002534,0,Bacteria,Firmicutes,Bacilli,Lactobacillales,Streptococcaceae,Streptococcus,,,,,
725,ASV728,0.542515782,0,Bacteria,Firmicutes,Bacilli,Lactobacillales,NA,NA,,,,,
726,ASV729,0.454212017,0,Bacteria,Firmicutes,Clostridia,Clostridiales,Lachnospiraceae,Blautia,,,,,
727,ASV730,0.864324454,0,Bacteria,Firmicutes,Bacilli,Lactobacillales,Streptococcaceae,Streptococcus,,,,,
728,ASV731,0.699736869,0,Bacteria,Firmicutes,Clostridia,Clostridiales,Ruminococcaceae,Anaerotruncus,,,,,
729,ASV732,0.323182791,0,Bacteria,Firmicutes,Erysipelotrichia,Erysipelotrichales,Erysipelotrichaceae,Clostridium_XVIII,,,,,
730,ASV733,0.342265091,0,Bacteria,Firmicutes,Bacilli,Lactobacillales,Lactobacillaceae,Lactobacillus,,,,,
731,ASV734,0.825255592,0,Bacteria,Firmicutes,Clostridia,Clostridiales,Lachnospiraceae,NA,,,,,
732,ASV735,0.503790487,0,Bacteria,Firmicutes,Erysipelotrichia,Erysipelotrichales,Erysipelotrichaceae,Clostridium_XVIII,,,,,
733,ASV736,0.37634113,0,Bacteria,Firmicutes,Bacilli,Lactobacillales,Streptococcaceae,Streptococcus,,,,,
734,ASV737,0.325566933,0,Bacteria,Verrucomicrobia,Verrucomicrobiae,Verrucomicrobiales,Verrucomicrobiaceae,Akkermansia,,,,,
735,ASV738,0.298743904,0,Bacteria,Firmicutes,Clostridia,Clostridiales,Peptostreptococcaceae,Romboutsia,,,,,
736,ASV739,0.571291564,0,Bacteria,Firmicutes,Clostridia,Clostridiales,Ruminococcaceae,Anaerotruncus,,,,,
737,ASV740,0.331303966,0,Bacteria,Firmicutes,Bacilli,Lactobacillales,NA,NA,,,,,
738,ASV741,0.468694008,0,Bacteria,Firmicutes,Clostridia,Clostridiales,Lachnospiraceae,Fusicatenibacter,,,,,
739,ASV742,0.382064751,0,Bacteria,Firmicutes,Bacilli,Lactobacillales,NA,NA,,,,,
740,ASV743,0.443804663,0,Bacteria,Firmicutes,Erysipelotrichia,Erysipelotrichales,Erysipelotrichaceae,Clostridium_XVIII,,,,,
741,ASV744,0.269360965,0,Bacteria,Firmicutes,Clostridia,Clostridiales,Ruminococcaceae,Ruminococcus,,,,,
742,ASV745,0.329964815,0,Bacteria,Firmicutes,Bacilli,Lactobacillales,NA,NA,,,,,
743,ASV746,0.578895069,0,Bacteria,Firmicutes,Bacilli,Lactobacillales,NA,NA,,,,,
744,ASV747,0.556199694,0,Bacteria,Actinobacteria,Actinobacteria,Bifidobacteriales,Bifidobacteriaceae,NA,,,,,
745,ASV748,0.404253907,0,Bacteria,Firmicutes,Clostridia,Clostridiales,Lachnospiraceae,Anaerostipes,,,,,
746,ASV749,0.526878931,0,Bacteria,Firmicutes,Clostridia,Clostridiales,Peptostreptococcaceae,Intestinibacter,,,,,
748,ASV751,0.436956922,0,Bacteria,Firmicutes,Bacilli,Lactobacillales,NA,NA,,,,,
749,ASV752,0.357642815,0,Bacteria,Firmicutes,Bacilli,Lactobacillales,Streptococcaceae,Streptococcus,,,,,
750,ASV753,0.502479908,0,Bacteria,Firmicutes,Negativicutes,Selenomonadales,Acidaminococcaceae,Phascolarctobacterium,,,,,
751,ASV754,0.381493356,0,Bacteria,Firmicutes,Bacilli,Lactobacillales,NA,NA,,,,,
752,ASV755,0.404929404,0,Bacteria,Firmicutes,Bacilli,Lactobacillales,NA,NA,,,,,
753,ASV756,0.207425432,0,Bacteria,Firmicutes,Bacilli,Lactobacillales,NA,NA,,,,,
754,ASV757,0.447625568,0,Bacteria,Firmicutes,Erysipelotrichia,Erysipelotrichales,Erysipelotrichaceae,Clostridium_XVIII,,,,,
755,ASV758,0.25030184,0,Bacteria,Firmicutes,Bacilli,Lactobacillales,NA,NA,,,,,
757,ASV760,0.322780859,0,Bacteria,Firmicutes,Bacilli,Lactobacillales,Streptococcaceae,Streptococcus,,,,,
758,ASV761,0.392032321,0,Bacteria,Firmicutes,Bacilli,Lactobacillales,NA,NA,,,,,
759,ASV762,0.46098573,0,Bacteria,Firmicutes,Bacilli,Lactobacillales,Enterococcaceae,Enterococcus,,,,,
760,ASV763,0.403532692,0,Bacteria,Proteobacteria,Gammaproteobacteria,Enterobacteriales,Enterobacteriaceae,NA,,,,,
761,ASV764,0.588754955,0,Bacteria,Firmicutes,Clostridia,Clostridiales,Ruminococcaceae,Faecalibacterium,,,,,
762,ASV765,0.664488071,0,Bacteria,Firmicutes,Clostridia,Clostridiales,Ruminococcaceae,Faecalibacterium,,,,,
763,ASV766,0.406170587,0,Bacteria,Firmicutes,Clostridia,Clostridiales,Lachnospiraceae,Blautia,,,,,
764,ASV767,0.249695103,0,Bacteria,Firmicutes,Bacilli,Lactobacillales,Lactobacillaceae,NA,,,,,
765,ASV768,0.415683982,0,Bacteria,Verrucomicrobia,Verrucomicrobiae,Verrucomicrobiales,Verrucomicrobiaceae,Akkermansia,,,,,
766,ASV769,0.34165545,0,Bacteria,Firmicutes,Clostridia,Clostridiales,Lachnospiraceae,Blautia,,,,,
767,ASV770,0.795021392,0,Bacteria,Firmicutes,Clostridia,Clostridiales,Ruminococcaceae,Ruminococcus,,,,,
768,ASV771,0.362815216,0,Bacteria,Firmicutes,Erysipelotrichia,Erysipelotrichales,Erysipelotrichaceae,Faecalitalea,,,,,
769,ASV772,0.225948844,0,Bacteria,Firmicutes,Bacilli,Lactobacillales,NA,NA,,,,,
770,ASV773,0.523894181,0,Bacteria,Firmicutes,Bacilli,Lactobacillales,Streptococcaceae,Streptococcus,,,,,
771,ASV774,0.522125984,0,Bacteria,Firmicutes,Bacilli,Lactobacillales,Streptococcaceae,Streptococcus,,,,,
772,ASV775,0.819759681,0,Bacteria,Firmicutes,Bacilli,Lactobacillales,Streptococcaceae,Streptococcus,,,,,
774,ASV777,0.506702858,0,Bacteria,Firmicutes,Clostridia,Clostridiales,Ruminococcaceae,Oscillibacter,,,,,
775,ASV778,0.186220687,0,Bacteria,Firmicutes,Bacilli,Lactobacillales,Streptococcaceae,Streptococcus,,,,,
776,ASV779,0.320984209,0,Bacteria,Firmicutes,Bacilli,Lactobacillales,NA,NA,,,,,
777,ASV780,0.407543487,0,Bacteria,Firmicutes,Bacilli,Lactobacillales,NA,NA,,,,,
778,ASV781,0.524864557,0,Bacteria,Firmicutes,Bacilli,Lactobacillales,Streptococcaceae,Streptococcus,,,,,
779,ASV782,0.565474397,0,Bacteria,Firmicutes,Negativicutes,Selenomonadales,Veillonellaceae,Veillonella,,,,,
780,ASV783,0.486817854,0,Bacteria,Firmicutes,Bacilli,Lactobacillales,NA,NA,,,,,
781,ASV784,0.242155148,0,Bacteria,Firmicutes,Erysipelotrichia,Erysipelotrichales,Erysipelotrichaceae,NA,,,,,
782,ASV785,0.262061227,0,Bacteria,Bacteroidetes,Bacteroidia,Bacteroidales,Bacteroidaceae,Bacteroides,,,,,
783,ASV786,0.972797845,0,Bacteria,Firmicutes,Clostridia,Clostridiales,Ruminococcaceae,Gemmiger,,,,,
784,ASV787,0.182765994,0,Bacteria,Firmicutes,Clostridia,Clostridiales,Lachnospiraceae,NA,,,,,
785,ASV788,0.518140821,0,Bacteria,Actinobacteria,Actinobacteria,Actinomycetales,Actinomycetaceae,Actinomyces,,,,,
786,ASV789,0.599004918,0,Bacteria,Firmicutes,Bacilli,Lactobacillales,NA,NA,,,,,
787,ASV790,0.365974199,0,Bacteria,Firmicutes,Clostridia,Clostridiales,Lachnospiraceae,Blautia,,,,,
788,ASV791,0.432015967,0,Bacteria,Bacteroidetes,Bacteroidia,Bacteroidales,Porphyromonadaceae,Parabacteroides,,,,,
789,ASV792,0.778288201,0,Bacteria,Firmicutes,Bacilli,Lactobacillales,Streptococcaceae,Streptococcus,,,,,
791,ASV794,0.242747557,0,Bacteria,Actinobacteria,Actinobacteria,Actinomycetales,Actinomycetaceae,Actinomyces,,,,,
792,ASV795,0.256459528,0,Bacteria,Firmicutes,Bacilli,Lactobacillales,Carnobacteriaceae,NA,,,,,
793,ASV796,0.32295553,0,Bacteria,Firmicutes,Bacilli,Lactobacillales,Streptococcaceae,Streptococcus,,,,,
794,ASV797,0.336652173,0,Bacteria,Firmicutes,Bacilli,Lactobacillales,NA,NA,,,,,
795,ASV798,0.241292294,0,Bacteria,Firmicutes,Clostridia,Clostridiales,Ruminococcaceae,Subdoligranulum,,,,,
796,ASV799,0.280674547,0,Bacteria,Firmicutes,Clostridia,Clostridiales,Lachnospiraceae,Blautia,,,,,
797,ASV800,0.823745454,0,Bacteria,Firmicutes,Negativicutes,Selenomonadales,Veillonellaceae,Dialister,,,,,
798,ASV801,0.610431427,0,Bacteria,Bacteroidetes,Bacteroidia,Bacteroidales,Porphyromonadaceae,Parabacteroides,,,,,
799,ASV802,0.568140635,0,Bacteria,Firmicutes,Negativicutes,Selenomonadales,Acidaminococcaceae,Phascolarctobacterium,,,,,
800,ASV803,0.417189269,0,Bacteria,Firmicutes,Clostridia,Clostridiales,Lachnospiraceae,Blautia,,,,,
801,ASV804,0.276809998,0,Bacteria,Firmicutes,Clostridia,Clostridiales,Lachnospiraceae,Blautia,,,,,
802,ASV805,0.43920323,0,Bacteria,Firmicutes,Bacilli,Lactobacillales,Streptococcaceae,Streptococcus,,,,,
804,ASV807,0.586742918,0,Bacteria,Firmicutes,Clostridia,Clostridiales,Lachnospiraceae,Anaerostipes,,,,,
805,ASV808,0.39147861,0,Bacteria,Firmicutes,Bacilli,Lactobacillales,NA,NA,,,,,
806,ASV809,0.432459653,0,Bacteria,Firmicutes,Clostridia,Clostridiales,Lachnospiraceae,Clostridium_XlVa,,,,,
807,ASV810,0.260093342,0,Bacteria,Bacteroidetes,Bacteroidia,Bacteroidales,Bacteroidaceae,Bacteroides,,,,,
808,ASV811,0.4604189,0,Bacteria,Firmicutes,Clostridia,Clostridiales,Lachnospiraceae,Blautia,,,,,
809,ASV812,0.492282289,0,Bacteria,Firmicutes,Erysipelotrichia,Erysipelotrichales,Erysipelotrichaceae,NA,,,,,
810,ASV813,0.464953456,0,Bacteria,Firmicutes,Clostridia,Clostridiales,Lachnospiraceae,Fusicatenibacter,,,,,
811,ASV814,0.282313379,0,Bacteria,Firmicutes,Bacilli,Lactobacillales,Streptococcaceae,Streptococcus,,,,,
812,ASV815,0.656821367,0,Bacteria,Firmicutes,Bacilli,Lactobacillales,Streptococcaceae,Streptococcus,,,,,
813,ASV816,0.503253824,0,Bacteria,Firmicutes,Clostridia,Clostridiales,Ruminococcaceae,Faecalibacterium,,,,,
814,ASV817,0.348393803,0,Bacteria,Firmicutes,Bacilli,Lactobacillales,NA,NA,,,,,
815,ASV818,0.330083222,0,Bacteria,Firmicutes,Clostridia,Clostridiales,Lachnospiraceae,Blautia,,,,,
816,ASV819,0.31216434,0,Bacteria,Firmicutes,Bacilli,Lactobacillales,NA,NA,,,,,
817,ASV820,0.616582897,0,Bacteria,Firmicutes,Clostridia,Clostridiales,Lachnospiraceae,Clostridium_XlVa,,,,,
818,ASV821,0.340319844,0,Bacteria,Firmicutes,Bacilli,Lactobacillales,NA,NA,,,,,
819,ASV822,0.526127233,0,Bacteria,Firmicutes,Clostridia,Clostridiales,Ruminococcaceae,Faecalibacterium,,,,,
820,ASV823,0.366893176,0,Bacteria,Firmicutes,Bacilli,Lactobacillales,NA,NA,,,,,
821,ASV824,0.504301587,0,Bacteria,Bacteroidetes,Bacteroidia,Bacteroidales,Bacteroidaceae,Bacteroides,,,,,
822,ASV825,0.531448266,0,Bacteria,Firmicutes,Clostridia,Clostridiales,Ruminococcaceae,Gemmiger,,,,,
823,ASV826,0.561713892,0,Bacteria,Firmicutes,Clostridia,Clostridiales,Lachnospiraceae,Dorea,,,,,
824,ASV827,0.371868535,0,Bacteria,Firmicutes,Bacilli,Lactobacillales,Streptococcaceae,Streptococcus,,,,,
825,ASV828,0.462932037,0,Bacteria,Firmicutes,Clostridia,Clostridiales,Lachnospiraceae,Anaerostipes,,,,,
826,ASV829,0.377713537,0,Bacteria,Firmicutes,Clostridia,Clostridiales,Lachnospiraceae,Roseburia,,,,,
827,ASV830,0.693021522,0,Bacteria,Firmicutes,Clostridia,Clostridiales,Lachnospiraceae,NA,,,,,
828,ASV831,0.333368041,0,Bacteria,Firmicutes,Clostridia,Clostridiales,Lachnospiraceae,Roseburia,,,,,
829,ASV832,0.412001828,0,Bacteria,Firmicutes,Bacilli,Lactobacillales,Streptococcaceae,Streptococcus,,,,,
830,ASV833,0.4034461,0,Bacteria,Firmicutes,Bacilli,Lactobacillales,Streptococcaceae,Streptococcus,,,,,
831,ASV834,0.295324772,0,Bacteria,Proteobacteria,Betaproteobacteria,Burkholderiales,Sutterellaceae,Parasutterella,,,,,
832,ASV835,0.289996957,0,Bacteria,Firmicutes,Clostridia,Clostridiales,Ruminococcaceae,Subdoligranulum,,,,,
833,ASV836,0.563222125,0,Bacteria,Firmicutes,Clostridia,Clostridiales,Lachnospiraceae,Dorea,,,,,
834,ASV837,0.435029415,0,Bacteria,Actinobacteria,Actinobacteria,Actinomycetales,Actinomycetaceae,Actinomyces,,,,,
835,ASV838,0.500161298,0,Bacteria,Firmicutes,Clostridia,Clostridiales,Lachnospiraceae,NA,,,,,
836,ASV839,0.749840747,0,Bacteria,Firmicutes,Clostridia,Clostridiales,Ruminococcaceae,Faecalibacterium,,,,,
837,ASV840,0.352643605,0,Bacteria,Firmicutes,NA,NA,NA,NA,,,,,
838,ASV841,0.425613265,0,Bacteria,Firmicutes,Clostridia,Clostridiales,Lachnospiraceae,NA,,,,,
839,ASV842,0.50302209,0,Bacteria,Firmicutes,Bacilli,Lactobacillales,Enterococcaceae,NA,,,,,
840,ASV843,0.474006149,0,Bacteria,Firmicutes,Clostridia,Clostridiales,Lachnospiraceae,Blautia,,,,,
841,ASV844,0.481065831,0,Bacteria,Firmicutes,Clostridia,Clostridiales,Lachnospiraceae,NA,,,,,
842,ASV845,0.386590298,0,Bacteria,Bacteroidetes,Bacteroidia,Bacteroidales,Bacteroidaceae,Bacteroides,,,,,
843,ASV846,0.396425982,0,Bacteria,Firmicutes,Bacilli,Lactobacillales,NA,NA,,,,,
844,ASV847,0.438773103,0,Bacteria,Firmicutes,Bacilli,Lactobacillales,NA,NA,,,,,
845,ASV848,0.5842906,0,Bacteria,Firmicutes,Clostridia,Clostridiales,Lachnospiraceae,Blautia,,,,,
846,ASV849,0.41295428,0,Bacteria,Actinobacteria,Actinobacteria,Bifidobacteriales,Bifidobacteriaceae,Bifidobacterium,,,,,
848,ASV851,0.467004147,0,Bacteria,Verrucomicrobia,Verrucomicrobiae,Verrucomicrobiales,Verrucomicrobiaceae,Akkermansia,,,,,
849,ASV852,0.392127579,0,Bacteria,Firmicutes,Clostridia,Clostridiales,Lachnospiraceae,Fusicatenibacter,,,,,
850,ASV853,0.610083334,0,Bacteria,Actinobacteria,Actinobacteria,Bifidobacteriales,Bifidobacteriaceae,NA,,,,,
851,ASV854,0.396869075,0,Bacteria,Firmicutes,Clostridia,Clostridiales,Lachnospiraceae,Fusicatenibacter,,,,,
852,ASV855,0.414033629,0,Bacteria,Firmicutes,Bacilli,Lactobacillales,Streptococcaceae,Streptococcus,,,,,
853,ASV856,0.37836675,0,Bacteria,Firmicutes,Bacilli,Lactobacillales,Streptococcaceae,Streptococcus,,,,,
854,ASV857,0.788990713,0,Bacteria,Bacteroidetes,Bacteroidia,Bacteroidales,Bacteroidaceae,Bacteroides,,,,,
855,ASV858,0.604120079,0,Bacteria,Firmicutes,Clostridia,Clostridiales,Lachnospiraceae,Blautia,,,,,
856,ASV859,0.276646259,0,Bacteria,Firmicutes,Bacilli,Lactobacillales,Streptococcaceae,Streptococcus,,,,,
857,ASV860,0.413317661,0,Bacteria,Actinobacteria,Actinobacteria,Actinomycetales,Actinomycetaceae,Actinomyces,,,,,
858,ASV861,0.475487125,0,Bacteria,Firmicutes,Bacilli,Lactobacillales,Streptococcaceae,Streptococcus,,,,,
859,ASV862,0.487740923,0,Bacteria,Firmicutes,Clostridia,Clostridiales,Lachnospiraceae,Anaerostipes,,,,,
860,ASV863,0.668986004,0,Bacteria,Firmicutes,Erysipelotrichia,Erysipelotrichales,Erysipelotrichaceae,Clostridium_XVIII,,,,,
861,ASV864,0.484731547,0,Bacteria,Firmicutes,Clostridia,Clostridiales,Lachnospiraceae,Dorea,,,,,
862,ASV865,0.60471299,0,Bacteria,Firmicutes,Clostridia,Clostridiales,Lachnospiraceae,NA,,,,,
863,ASV866,0.389151939,0,Bacteria,Firmicutes,Clostridia,Clostridiales,Lachnospiraceae,Blautia,,,,,